{"epsilon": null, "gamma": 0.99, "player": "O", "memory_capacity": 10000, "target_update": 500, "learning_rate": 0.0005, "batch_size": 64, "log_every": 250, "debug": false, "avg_losses": [0.025677449390292168, 0.02000053730979562, 0.030047167371958495, 0.028785672571510077, 0.05223478275537491, 0.04513426990807056, 0.05244360176473856, 0.04975540315359831, 0.0482065397053957, 0.045589701872318984, 0.04740589059144258, 0.047808073580265044, 0.044525117859244345, 0.044541549593210224, 0.044200342051684854, 0.04151156239211559, 0.03987302598357201, 0.038541756890714166, 0.03849754476174712, 0.037331382781267165, 0.03778524466603994, 0.03628633591160178, 0.0382155493311584, 0.039016786742955445, 0.03671686878800392, 0.03913713938742876, 0.04344922849535942, 0.039572149068117145, 0.039404460284858944, 0.03641156964376569, 0.036748063761740925, 0.03465400792658329, 0.03871444471180439, 0.037645916279405355, 0.03816023483127356, 0.037424964595586065, 0.03777477426454425, 0.03647223362326622, 0.03805081804096699, 0.034395137045532466, 0.03505276368930936, 0.03505002350360155, 0.036530922163277864, 0.03567028984054923, 0.03460763312503695, 0.03396929684653878, 0.03730620029196143, 0.03678448154404759, 0.037370641246438026, 0.036353489816188814, 0.03893915824964642, 0.03741624327749014, 0.03717598870396614, 0.03590710742771625, 0.038815717488527295, 0.03664815127104521, 0.0346847006008029, 0.035491890989243984, 0.034920883655548095, 0.03582336980104446, 0.03504012894630432, 0.036170518800616266, 0.0374999932050705, 0.03738675192371011, 0.03594355200231075, 0.035043899685144424, 0.03755831266567111, 0.037142419204115866, 0.039118632953613994, 0.03936998827755451, 0.03538411938771605, 0.03265501965582371, 0.03570893694460392, 0.034009305629879236, 0.032782443199306725, 0.03160491345450282, 0.03387232525646686, 0.03278950249776244, 0.033406649820506576, 0.0330849353633821], "avg_rewards": [-0.596, -0.496, -0.136, 0.028, 0.192, 0.316, 0.288, 0.352, 0.408, 0.336, 0.392, 0.388, 0.384, 0.504, 0.472, 0.372, 0.504, 0.472, 0.364, 0.372, 0.388, 0.384, 0.396, 0.388, 0.428, 0.336, 0.452, 0.488, 0.392, 0.396, 0.588, 0.504, 0.384, 0.38, 0.492, 0.416, 0.452, 0.416, 0.444, 0.516, 0.508, 0.528, 0.5, 0.38, 0.456, 0.496, 0.332, 0.492, 0.416, 0.496, 0.448, 0.464, 0.384, 0.38, 0.428, 0.4, 0.336, 0.44, 0.444, 0.436, 0.368, 0.452, 0.412, 0.532, 0.436, 0.42, 0.464, 0.512, 0.476, 0.46, 0.412, 0.38, 0.376, 0.5, 0.512, 0.436, 0.428, 0.46, 0.504, 0.376], "m_values": {"m_opt": [-1.0, -0.4, -1.0, -0.576, -0.314, -0.676, -0.354, -0.2, -0.308, -0.21, -0.23, -0.076, 0.0, -0.5, -0.442, -0.186, 0.0, -0.12, -0.1, -0.198, -0.16, -0.342, -0.19, 0.0, -0.372, -0.33, -0.078, 0.0, -0.198, -0.112, 0.0, -0.112, -0.12, -0.108, -0.402, -0.31, 0.0, 0.0, -0.208, -0.1, 0.0, -0.114, -0.214, -0.196, -0.128, -0.194, -0.096, -0.09, -0.164, -0.1, 0.0, -0.36, -0.5, -0.592, -0.122, 0.0, -0.632, 0.0, -0.086, -0.22, -0.544, -0.176, -0.114, -0.19, 0.0, 0.0, -0.064, 0.0, 0.0, -0.106, -0.194, -0.28, 0.0, 0.0, 0.0, 0.0, 0.0, 0.0, -0.186, -0.5], "m_rand": [-0.074, 0.23, 0.664, 0.71, 0.802, 0.758, 0.85, 0.884, 0.862, 0.834, 0.854, 0.884, 0.886, 0.926, 0.828, 0.904, 0.944, 0.902, 0.842, 0.844, 0.86, 0.88, 0.834, 0.902, 0.902, 0.89, 0.902, 0.888, 0.916, 0.776, 0.896, 0.928, 0.944, 0.9, 0.874, 0.784, 0.896, 0.932, 0.88, 0.884, 0.904, 0.932, 0.864, 0.878, 0.9, 0.888, 0.864, 0.916, 0.912, 0.888, 0.894, 0.898, 0.816, 0.82, 0.868, 0.908, 0.868, 0.91, 0.934, 0.882, 0.896, 0.85, 0.932, 0.922, 0.864, 0.928, 0.896, 0.87, 0.826, 0.924, 0.914, 0.884, 0.892, 0.956, 0.934, 0.944, 0.946, 0.876, 0.916, 0.888]}}