{"epsilon": 0.5, "gamma": 0.99, "player": "X", "memory_capacity": 10000, "target_update": 500, "learning_rate": 0.0005, "batch_size": 64, "log_every": 250, "debug": false, "avg_losses": [0.040876653600484134, 0.03177304967492819, 0.06257837646454573, 0.05881499394029379, 0.07639353685081005, 0.07385946974903346, 0.07728176122903824, 0.07592204110324383, 0.06993352001905441, 0.06702067464590072, 0.07011408162117004, 0.06391455176472664, 0.06417535353451967, 0.06136326801031828, 0.06206205148994923, 0.06263047125935554, 0.06324100714176893, 0.060290279664099215, 0.06183975826203823, 0.058840294510126116, 0.061848574697971344, 0.05977794902771711, 0.05892780079692602, 0.0556397502720356, 0.06151093702018261, 0.05908160375058651, 0.06204699423164129, 0.05904666785150767, 0.05954167829453945, 0.061392620496451854, 0.060567001834511754, 0.05708103859424591, 0.05996250000596046, 0.05587618108838797, 0.05884313743561506, 0.05277029950916767, 0.058160315282642844, 0.05816061896085739, 0.05776727832108736, 0.0620614565089345, 0.06088585218787193, 0.060992887981235984, 0.0596828291118145, 0.058663680233061316, 0.05999291029572487, 0.059489786304533485, 0.06480165797472, 0.061336462296545505, 0.06246001479774713, 0.060242176562547683, 0.06047023130953312, 0.053836443327367305, 0.0554564828723669, 0.05191838929802179, 0.056211569041013716, 0.05646143578737974, 0.062185115084052084, 0.061152377031743525, 0.06251729280501604, 0.062053849898278717, 0.0664467786848545, 0.06298074056208133, 0.06487292989343404, 0.06114326088130474, 0.06625691835582256, 0.06630419801920652, 0.06182318871468306, 0.05679091099649668, 0.06266584293544293, 0.05716514013707638, 0.06063324866443873, 0.06204952222108841, 0.06130117530375719, 0.06043472771346569, 0.06334925461560488, 0.06317176408320666, 0.06493058637529611, 0.06277722311764955, 0.06400819150358439, 0.061180320620536806], "avg_rewards": [0.032, 0.048, -0.096, -0.056, -0.032, 0.092, -0.008, 0.084, 0.032, -0.024, 0.112, 0.016, -0.076, 0.012, -0.044, 0.088, 0.056, -0.008, 0.028, 0.052, 0.016, 0.056, 0.024, 0.004, -0.048, -0.028, 0.064, 0.04, 0.008, 0.072, 0.0, -0.04, -0.036, 0.044, -0.04, 0.088, 0.06, 0.084, 0.04, 0.048, 0.132, -0.012, 0.052, 0.032, -0.092, -0.152, -0.016, 0.012, -0.016, -0.016, -0.052, 0.024, -0.112, 0.056, 0.052, -0.004, -0.012, 0.048, -0.024, 0.068, -0.112, 0.032, 0.04, -0.128, 0.048, 0.052, 0.072, -0.016, 0.012, -0.028, 0.128, -0.06, -0.016, -0.012, -0.052, -0.008, -0.116, -0.02, -0.06, -0.004], "m_values": {"m_opt": [-0.5, -1.0, -1.0, -0.74, -0.736, -0.762, -1.0, -0.5, -0.29, -0.664, -0.896, -0.698, -0.892, -1.0, -0.888, -0.888, -1.0, -0.706, -0.658, -0.9, -0.904, -0.416, -0.412, -0.884, -0.908, -0.874, -1.0, -0.818, -0.5, -0.904, -1.0, -0.89, -0.5, -1.0, -0.78, -0.304, -0.5, -0.5, -0.218, -0.904, -0.41, -0.7, -0.638, -1.0, -1.0, -0.5, -0.89, -0.5, -0.914, -0.78, -0.102, -0.33, -0.286, -0.412, -0.876, -0.798, -0.548, -0.298, -1.0, -1.0, -0.902, -1.0, -0.412, -0.904, -0.882, -0.5, -1.0, -0.5, -0.41, -0.412, -1.0, -0.5, -0.79, -0.784, -1.0, -1.0, -0.5, -0.882, -0.898, -0.28], "m_rand": [0.124, 0.434, 0.726, 0.602, 0.4, 0.466, 0.508, 0.58, 0.67, 0.67, 0.58, 0.636, 0.644, 0.466, 0.47, 0.638, 0.638, 0.624, 0.442, 0.694, 0.71, 0.532, 0.684, 0.596, 0.63, 0.628, 0.59, 0.57, 0.568, 0.496, 0.47, 0.558, 0.494, 0.608, 0.644, 0.572, 0.61, 0.628, 0.476, 0.484, 0.588, 0.556, 0.626, 0.55, 0.586, 0.538, 0.618, 0.58, 0.464, 0.53, 0.572, 0.63, 0.662, 0.584, 0.634, 0.714, 0.51, 0.512, 0.462, 0.514, 0.406, 0.452, 0.474, 0.494, 0.35, 0.368, 0.438, 0.452, 0.466, 0.456, 0.452, 0.404, 0.472, 0.528, 0.536, 0.582, 0.526, 0.544, 0.3, 0.304]}}