{"epsilon": null, "gamma": 0.99, "player": "O", "memory_capacity": 10000, "target_update": 500, "learning_rate": 0.0005, "batch_size": 64, "log_every": 250, "debug": false, "avg_losses": [0.027554632030427455, 0.021691402349621056, 0.038478474892675876, 0.033215476907789705, 0.05854368227720261, 0.0543762187436223, 0.06118853649497032, 0.055769813790917395, 0.060641880668699744, 0.05386811774969101, 0.05329898400604725, 0.051490930005908014, 0.05899573914706707, 0.05773559047281742, 0.05294873573631048, 0.051000052601099015, 0.05103917963802815, 0.048802679926157, 0.04193926599621773, 0.040916137166321274, 0.04416832853853703, 0.04184112340211868, 0.04401838994026184, 0.04301476655900478, 0.04292517060041428, 0.042262367077171806, 0.04008423091098666, 0.038184053801000116, 0.04127607578039169, 0.03824563862383366, 0.04328006423264742, 0.04274131564050913, 0.04129313401132822, 0.04036082576587796, 0.04298937717825174, 0.04157180669903755, 0.03867796966433525, 0.03791836438328028, 0.03725001618266106, 0.03787347246706486, 0.03854910482466221, 0.03698327777162194, 0.03766132559254765, 0.0370527611784637, 0.038309843011200426, 0.03891129261255264, 0.037901416428387166, 0.03597190242260694, 0.03541050230711699, 0.03513496308028698, 0.03872430822253227, 0.037076066054403785, 0.03479097628593445, 0.034817158870399, 0.03417284299060702, 0.03509474639594555, 0.035042392998933795, 0.03378290413692594, 0.03618729797750712, 0.035126668330281975, 0.038752347357571125, 0.03578928237780929, 0.039116336546838285, 0.03896951024979353, 0.03965754463896155, 0.03980076140537858, 0.03715531253069639, 0.03812756249308586, 0.03552863421291113, 0.03622611432895064, 0.03793179397284985, 0.03535840786248445, 0.035034228950738905, 0.034466344837099316, 0.03746649494022131, 0.035854923598468307, 0.03515394826233387, 0.0350093025714159, 0.03558601110801101, 0.035375140290707346], "avg_rewards": [-0.656, -0.464, -0.176, 0.004, 0.208, 0.128, 0.296, 0.32, 0.296, 0.352, 0.388, 0.3, 0.316, 0.384, 0.396, 0.408, 0.428, 0.496, 0.372, 0.468, 0.456, 0.488, 0.304, 0.396, 0.416, 0.264, 0.376, 0.468, 0.372, 0.38, 0.4, 0.292, 0.432, 0.396, 0.468, 0.452, 0.4, 0.46, 0.516, 0.404, 0.472, 0.436, 0.46, 0.492, 0.46, 0.5, 0.52, 0.508, 0.32, 0.428, 0.436, 0.468, 0.364, 0.424, 0.364, 0.408, 0.428, 0.436, 0.448, 0.344, 0.38, 0.508, 0.44, 0.528, 0.496, 0.476, 0.416, 0.444, 0.436, 0.432, 0.432, 0.44, 0.456, 0.456, 0.556, 0.54, 0.428, 0.456, 0.468, 0.452], "m_values": {"m_opt": [-1.0, -0.296, -0.904, -0.47, -0.21, -0.654, -0.628, -0.098, -0.22, -0.292, -0.096, -0.198, -0.324, -0.216, -0.304, -0.178, 0.0, -0.17, -0.502, -0.228, -0.098, -0.262, -0.342, -0.69, -0.168, -0.186, -0.102, 0.0, -0.1, -0.186, 0.0, 0.0, -0.246, 0.0, -0.194, -0.228, -0.276, -0.116, -0.328, -0.096, -0.128, 0.0, 0.0, 0.0, 0.0, -0.242, -0.098, 0.0, -0.178, -0.2, 0.0, -0.1, -0.106, -0.086, -0.268, -0.222, -0.102, -0.626, -0.178, -0.212, 0.0, 0.0, 0.0, -0.5, 0.0, -0.368, -0.226, -0.1, -0.086, -0.102, -0.106, -0.13, 0.0, -0.31, -0.092, -0.098, -0.128, -0.188, 0.0, 0.0], "m_rand": [0.01, 0.522, 0.454, 0.612, 0.61, 0.764, 0.794, 0.718, 0.84, 0.84, 0.83, 0.774, 0.838, 0.854, 0.83, 0.89, 0.908, 0.86, 0.896, 0.86, 0.912, 0.914, 0.848, 0.846, 0.888, 0.906, 0.888, 0.94, 0.858, 0.886, 0.88, 0.85, 0.914, 0.848, 0.92, 0.894, 0.908, 0.894, 0.832, 0.906, 0.894, 0.922, 0.952, 0.936, 0.82, 0.856, 0.874, 0.816, 0.742, 0.89, 0.88, 0.922, 0.88, 0.872, 0.834, 0.818, 0.932, 0.904, 0.882, 0.84, 0.922, 0.934, 0.896, 0.874, 0.926, 0.892, 0.926, 0.948, 0.942, 0.854, 0.906, 0.868, 0.916, 0.906, 0.952, 0.944, 0.914, 0.942, 0.928, 0.878]}}