{"epsilon": null, "gamma": 0.99, "player": "X", "memory_capacity": 10000, "target_update": 500, "learning_rate": 0.0005, "batch_size": 64, "log_every": 250, "debug": false, "avg_losses": [0.02965137204527855, 0.024316141303628684, 0.05404004955291748, 0.04438175705075264, 0.05548593909293413, 0.048767641954123975, 0.0523439826592803, 0.04992271976917982, 0.04932752298563719, 0.04456259705126286, 0.040186687633395196, 0.037142318356782195, 0.03259078962355852, 0.028303220685571433, 0.03605197592452168, 0.03422034165635705, 0.031614317327737805, 0.02964337569475174, 0.037962180379778145, 0.03428655304759741, 0.0392278674133122, 0.03575495056435466, 0.040453815191984176, 0.0354180724658072, 0.04062914488464594, 0.03320258712768555, 0.030926662445068358, 0.028378235783427953, 0.034823406498879196, 0.03270794781297445, 0.03333405234292149, 0.0334256895147264, 0.0335317900814116, 0.034671330962330105, 0.0396959318369627, 0.0420841651931405, 0.04635535443201661, 0.043987386167049405, 0.04186441368237138, 0.03862326984480023, 0.03510224549472332, 0.0296505133099854, 0.031098435724154116, 0.028991737527772784, 0.03718953043967486, 0.03398069427162409, 0.03427099437266588, 0.03279022942483425, 0.03321598255261779, 0.03022659389488399, 0.03035412366129458, 0.026216064559295774, 0.03239474466070533, 0.028931313959881664, 0.03790929615497589, 0.03892154647782445, 0.04174870767444372, 0.03990989491343498, 0.036891055647283795, 0.02956393200531602, 0.027538004744797943, 0.028948682863265275, 0.028025418980047106, 0.025027026454918087, 0.03276123306527734, 0.03622577767074108, 0.0350309301353991, 0.037933139059692624, 0.0391074613109231, 0.037573310788720844, 0.03580889744311571, 0.030637813296169044, 0.029033671151846647, 0.03068456879630685, 0.031291333604604, 0.03359656009823084, 0.03517326671630144, 0.03543388708680868, 0.03850723658502102, 0.033743001885712144], "avg_rewards": [-0.008, -0.06, -0.056, 0.144, -0.064, 0.008, -0.048, -0.016, -0.02, 0.076, -0.044, 0.004, 0.004, -0.032, -0.028, 0.032, 0.008, -0.06, 0.064, 0.096, -0.064, -0.04, -0.048, -0.004, 0.024, -0.02, 0.104, -0.068, 0.036, 0.052, -0.016, -0.06, -0.004, 0.112, 0.008, 0.028, -0.004, 0.028, 0.04, -0.092, 0.056, -0.008, -0.004, -0.044, -0.096, 0.004, 0.0, -0.02, -0.004, -0.028, 0.032, 0.04, -0.016, 0.028, 0.004, 0.02, 0.0, 0.04, 0.064, 0.004, -0.052, -0.048, 0.028, 0.012, 0.052, 0.036, -0.036, 0.024, -0.068, 0.012, -0.056, 0.028, -0.016, -0.028, 0.036, -0.064, 0.012, 0.004, 0.004, 0.0], "m_values": {"m_opt": [-1.0, -1.0, -1.0, -0.896, -0.5, -0.91, -0.394, -0.5, -1.0, -1.0, -0.388, -0.654, -0.622, -0.5, -0.5, -0.5, -0.218, -0.31, -0.794, -0.19, -0.798, -0.776, -0.268, -0.392, -0.41, -0.696, -0.194, -0.396, -0.292, -0.5, -0.676, -0.652, -0.668, -0.634, -0.8, -1.0, -0.412, -0.3, -0.674, -0.298, -0.808, -0.812, -0.782, -0.73, -0.49, -0.4, -0.29, -0.816, -0.306, -0.408, -0.898, -0.394, -0.894, -0.906, -1.0, -0.5, -0.188, -0.178, -0.23, -0.196, -0.396, -0.366, -0.31, -0.33, -0.678, -0.332, -0.776, -0.286, -0.214, -0.388, -0.4, -0.5, -0.792, -0.382, -0.382, -0.746, -0.394, -0.41, -1.0, -0.424], "m_rand": [0.28, 0.536, 0.602, 0.386, 0.56, 0.61, 0.536, 0.558, 0.63, 0.592, 0.752, 0.74, 0.69, 0.704, 0.5, 0.602, 0.662, 0.64, 0.69, 0.556, 0.644, 0.654, 0.624, 0.524, 0.552, 0.56, 0.632, 0.576, 0.754, 0.722, 0.644, 0.592, 0.636, 0.572, 0.582, 0.7, 0.67, 0.636, 0.612, 0.696, 0.69, 0.592, 0.498, 0.452, 0.762, 0.702, 0.692, 0.672, 0.754, 0.6, 0.704, 0.654, 0.726, 0.686, 0.736, 0.718, 0.61, 0.558, 0.512, 0.552, 0.598, 0.498, 0.71, 0.62, 0.542, 0.57, 0.61, 0.568, 0.538, 0.682, 0.488, 0.582, 0.348, 0.538, 0.62, 0.504, 0.618, 0.636, 0.528, 0.572]}}