{"epsilon": null, "gamma": 0.99, "player": "X", "memory_capacity": 10000, "target_update": 500, "learning_rate": 0.0005, "batch_size": 64, "log_every": 250, "debug": false, "avg_losses": [0.03952917797490954, 0.034527069751173256, 0.06892415004968643, 0.0552171314433217, 0.07030349241942167, 0.0602785751670599, 0.05280143081396818, 0.04197694794461131, 0.03795598158985376, 0.02786997950077057, 0.031465191312134266, 0.023940520670264958, 0.021226245759055018, 0.016494032756425442, 0.01698848871421069, 0.015229788834229112, 0.020968343794345857, 0.021167800264433025, 0.02269045325741172, 0.02005695735104382, 0.019331063887104392, 0.0165062673939392, 0.025576651107519863, 0.025316825475543737, 0.028998510610312223, 0.030240912422537805, 0.026598791221156718, 0.022828584490343928, 0.023424668388441205, 0.019712352267466485, 0.022098799638450146, 0.020457283735275267, 0.020285368472337723, 0.019435119697824122, 0.019984006512910126, 0.01885491180792451, 0.020547128694131972, 0.017720246879383922, 0.01927777088806033, 0.016695671268738808, 0.01782809967454523, 0.016414862373843788, 0.017060159225948154, 0.01882600012421608, 0.017661750357598066, 0.016483697783201932, 0.018250562113709748, 0.01912108202651143, 0.02786546441912651, 0.02958669992722571, 0.027244436705484987, 0.024552401093766094, 0.022916644592303782, 0.016677282450720667, 0.016679774343036115, 0.019812245008535682, 0.020895635550841687, 0.020243562730029224, 0.021952058462426066, 0.01856931351032108, 0.01740174591820687, 0.014647504488937558, 0.017267722432501614, 0.01926343968883157, 0.02269861782155931, 0.029051541440188886, 0.038832207640632985, 0.03926641334593296, 0.031523591075092554, 0.02367948636226356, 0.024436294473707675, 0.01864550190605223, 0.022096033305861056, 0.02001406103046611, 0.018711213622242213, 0.018821638173423708, 0.02047647559642792, 0.024034435372799635, 0.03437465378642082, 0.032731643933802845], "avg_rewards": [-0.096, -0.112, -0.044, -0.004, 0.024, -0.044, -0.028, -0.036, -0.104, -0.008, 0.068, -0.028, -0.024, -0.024, 0.04, -0.032, 0.032, -0.028, 0.008, -0.024, -0.004, -0.008, -0.052, -0.052, -0.056, 0.02, -0.008, -0.024, 0.004, 0.008, 0.0, -0.032, -0.064, -0.028, -0.052, 0.04, 0.024, -0.044, -0.052, 0.024, -0.008, -0.06, -0.016, -0.06, -0.032, 0.012, -0.08, -0.076, -0.036, -0.036, -0.1, -0.036, -0.008, -0.032, -0.056, -0.092, -0.064, -0.016, -0.008, 0.068, 0.024, -0.04, -0.124, -0.044, -0.048, -0.06, -0.1, 0.024, -0.028, 0.04, -0.052, -0.024, 0.004, -0.016, -0.08, -0.004, 0.012, -0.028, -0.064, -0.052], "m_values": {"m_opt": [-0.86, -0.474, -0.902, -0.304, -0.374, -0.5, -0.822, -0.398, -0.2, -0.416, -0.5, -0.196, -0.216, 0.0, 0.0, 0.0, -0.22, -0.21, 0.0, 0.0, 0.0, 0.0, 0.0, -0.086, 0.0, -0.212, -0.1, 0.0, 0.0, 0.0, 0.0, 0.0, -0.214, -0.404, 0.0, 0.0, -0.194, -0.202, -0.212, -0.232, 0.0, 0.0, 0.0, 0.0, -0.124, -0.178, 0.0, 0.0, 0.0, -0.102, -0.112, -0.094, -0.116, -0.1, -0.112, -0.102, -0.184, 0.0, -0.098, -0.056, 0.0, -0.1, 0.0, 0.0, 0.0, 0.0, 0.0, 0.0, -0.062, -0.094, 0.0, -0.096, -0.106, -0.204, 0.0, 0.0, -0.19, -0.108, -0.202, -0.172], "m_rand": [0.558, 0.578, 0.858, 0.866, 0.874, 0.832, 0.866, 0.86, 0.896, 0.896, 0.844, 0.874, 0.872, 0.916, 0.89, 0.91, 0.94, 0.898, 0.902, 0.918, 0.932, 0.884, 0.826, 0.866, 0.894, 0.874, 0.836, 0.876, 0.872, 0.882, 0.916, 0.928, 0.848, 0.922, 0.902, 0.93, 0.874, 0.888, 0.838, 0.898, 0.93, 0.854, 0.898, 0.886, 0.858, 0.868, 0.866, 0.876, 0.882, 0.894, 0.904, 0.902, 0.922, 0.876, 0.918, 0.934, 0.934, 0.922, 0.918, 0.922, 0.92, 0.89, 0.856, 0.872, 0.814, 0.924, 0.914, 0.89, 0.862, 0.852, 0.89, 0.858, 0.89, 0.918, 0.804, 0.846, 0.864, 0.882, 0.894, 0.89]}}