{"epsilon": null, "gamma": 0.99, "player": "O", "memory_capacity": 10000, "target_update": 500, "learning_rate": 0.0005, "batch_size": 64, "log_every": 250, "debug": false, "avg_losses": [0.024349000327289105, 0.017516008058562876, 0.03265646187588572, 0.033792090285569426, 0.05617253604531288, 0.053986654832959176, 0.05735572476685047, 0.05558929801732302, 0.05449018938839435, 0.05202353493869304, 0.054896566964685915, 0.05278916856646538, 0.051537418007850645, 0.049982866436243056, 0.047515083514153955, 0.04761414960771799, 0.0476415641605854, 0.04667236348241568, 0.042207170240581036, 0.041203203603625296, 0.041405976556241515, 0.03827080085128546, 0.04218250673264265, 0.0422809751033783, 0.04356084404885769, 0.04209844739735127, 0.03873645331710577, 0.03653461803495884, 0.03915842939168215, 0.03723614817857742, 0.039733247555792335, 0.039810788564383984, 0.04160249575227499, 0.041305373832583425, 0.044094821706414225, 0.0446269493624568, 0.04741929172724486, 0.04444030910730362, 0.04133782958239317, 0.038146444879472254, 0.03949821493029594, 0.04003446859121323, 0.03835565157607198, 0.037469448432326316, 0.03978570222854614, 0.036840959038585426, 0.037134947903454306, 0.035542684882879254, 0.033496366012841464, 0.03201398983970284, 0.0346335591673851, 0.033932466197758915, 0.03464482821896672, 0.034408466573804614, 0.038318411894142625, 0.038335918448865414, 0.037794588170945644, 0.03715673933550716, 0.036531209453940394, 0.0364024423584342, 0.036013852525502446, 0.03626716427132487, 0.036750178888440135, 0.03616429990530014, 0.03752311743795872, 0.035994340024888515, 0.035550061360001564, 0.032712369564920664, 0.03568263214081526, 0.033425837084650994, 0.03393226177990437, 0.033937880039215086, 0.03313778575137258, 0.03258688928559422, 0.03340551137179136, 0.03392874809727073, 0.03722142600268125, 0.03433896595612168, 0.034065539509057996, 0.033943114768713714], "avg_rewards": [-0.784, -0.42, -0.172, 0.064, 0.144, 0.172, 0.096, -0.056, 0.336, 0.4, 0.32, 0.388, 0.284, 0.328, 0.268, 0.368, 0.436, 0.368, 0.396, 0.38, 0.452, 0.448, 0.384, 0.352, 0.356, 0.308, 0.328, 0.3, 0.328, 0.456, 0.4, 0.4, 0.404, 0.448, 0.428, 0.412, 0.336, 0.436, 0.444, 0.416, 0.456, 0.388, 0.508, 0.428, 0.452, 0.44, 0.516, 0.416, 0.448, 0.324, 0.332, 0.484, 0.404, 0.476, 0.472, 0.404, 0.384, 0.468, 0.364, 0.5, 0.488, 0.436, 0.456, 0.508, 0.472, 0.42, 0.448, 0.512, 0.456, 0.476, 0.48, 0.532, 0.424, 0.44, 0.452, 0.448, 0.496, 0.548, 0.4, 0.376], "m_values": {"m_opt": [-0.886, -0.576, -0.64, -0.5, -0.174, -0.204, -0.796, -0.3, 0.0, 0.0, -0.304, 0.0, -0.568, -0.098, -0.39, -0.11, -0.102, 0.0, -0.248, 0.0, -0.358, 0.0, -0.23, -0.096, 0.0, 0.0, -0.118, -0.098, -0.102, 0.0, -0.304, -0.132, 0.0, -0.202, -0.204, -0.08, -0.12, -0.084, -0.076, -0.19, 0.0, -0.082, 0.0, 0.0, -0.278, -0.214, -0.23, 0.0, 0.0, -0.088, 0.0, -0.24, 0.0, 0.0, -0.178, -0.326, -0.226, 0.0, -0.188, 0.0, -0.088, -0.082, 0.0, -0.126, -0.186, 0.0, 0.0, 0.0, 0.0, -0.094, -0.298, -0.494, 0.0, -0.14, -0.146, 0.0, 0.0, 0.0, -0.116, 0.0], "m_rand": [-0.458, 0.18, 0.446, 0.39, 0.47, 0.542, 0.652, 0.63, 0.766, 0.814, 0.798, 0.848, 0.832, 0.84, 0.86, 0.834, 0.8, 0.842, 0.892, 0.864, 0.832, 0.9, 0.834, 0.83, 0.814, 0.816, 0.86, 0.792, 0.904, 0.882, 0.896, 0.882, 0.846, 0.896, 0.89, 0.856, 0.894, 0.88, 0.906, 0.886, 0.862, 0.832, 0.808, 0.872, 0.916, 0.908, 0.894, 0.888, 0.844, 0.856, 0.846, 0.876, 0.928, 0.882, 0.788, 0.896, 0.896, 0.86, 0.918, 0.892, 0.888, 0.886, 0.918, 0.88, 0.848, 0.92, 0.912, 0.942, 0.904, 0.892, 0.93, 0.926, 0.906, 0.906, 0.924, 0.94, 0.916, 0.918, 0.82, 0.936]}}