{"epsilon": 0.1, "gamma": 0.99, "player": "X", "memory_capacity": 10000, "target_update": 500, "learning_rate": 0.0005, "batch_size": 64, "log_every": 250, "debug": false, "avg_losses": [0.055754746161401275, 0.0354662086814642, 0.055386784799396994, 0.04696837119758129, 0.05162825500965119, 0.053366907391697166, 0.05345368368923664, 0.050957362711429595, 0.04969776534289121, 0.039032862026244404, 0.03875967398285866, 0.03633936876431108, 0.037196904975920916, 0.03162657367438078, 0.032455316197127104, 0.028546836756169796, 0.029216567687690258, 0.03127866476774216, 0.033305275492370126, 0.027692119833081962, 0.02991555603593588, 0.026616708908230067, 0.029887135364115237, 0.026226367138326167, 0.030720195714384318, 0.029044104274362326, 0.03188657712563872, 0.02836061018332839, 0.02942241195589304, 0.02842095176130533, 0.033531576413661245, 0.03158667786046863, 0.030910117749124767, 0.03674235220998526, 0.035295253548771145, 0.03312892304360866, 0.044563616923987866, 0.040312954995781185, 0.037653552513569596, 0.037954609245061874, 0.03842032087594271, 0.03780131519585848, 0.04414587145298719, 0.043638052906841036, 0.03884628930687904, 0.03555511960014701, 0.03908657510206103, 0.03790041880309582, 0.03424790202826262, 0.028222065592184663, 0.03573577745258808, 0.03220912530831992, 0.03252151155471802, 0.03503332052007318, 0.03927586724609137, 0.03802701154723764, 0.03506949744001031, 0.03470573201403022, 0.0359469152353704, 0.037752733681350945, 0.037475274577736854, 0.03179845970310271, 0.03848117473907769, 0.03747324574552476, 0.0325176475904882, 0.03167615458741784, 0.03565769186988473, 0.03652061745524406, 0.03604564868286252, 0.03178785375133157, 0.03726861818507314, 0.03209460365399718, 0.03862423364818096, 0.03910054835677147, 0.036380983352661135, 0.03163884248957038, 0.03654729899764061, 0.03757845856994391, 0.03961899986118078, 0.03845545712672174], "avg_rewards": [-0.02, -0.048, -0.06, 0.076, -0.08, 0.036, 0.076, 0.0, 0.02, -0.056, -0.024, 0.0, -0.064, -0.032, 0.06, 0.052, -0.008, 0.028, -0.036, 0.04, -0.02, 0.064, -0.056, 0.012, 0.012, -0.008, -0.056, 0.032, 0.0, -0.012, -0.028, 0.008, 0.024, -0.016, 0.044, -0.048, 0.032, 0.004, 0.008, -0.052, 0.044, 0.004, 0.056, 0.02, -0.004, 0.04, -0.048, -0.012, 0.108, 0.088, -0.012, -0.028, 0.052, 0.008, 0.008, -0.048, 0.064, -0.084, -0.068, 0.028, 0.044, -0.012, 0.008, -0.008, 0.032, -0.088, 0.048, 0.036, -0.016, 0.0, -0.02, -0.072, -0.048, 0.008, -0.004, 0.048, 0.012, -0.02, 0.012, 0.088], "m_values": {"m_opt": [-0.87, -0.5, -0.886, -1.0, -1.0, -0.5, -1.0, -0.388, -0.5, -0.394, -0.394, -0.626, -0.42, -0.444, -0.42, -0.762, -0.54, -0.54, -0.414, -0.746, -0.286, -0.5, -0.188, 0.0, -0.83, -0.296, -0.804, -0.306, -0.832, -0.918, -0.42, -0.5, -0.5, -0.394, -0.522, -0.188, -0.416, -0.396, -0.19, -0.33, -0.29, -0.812, -0.89, -0.5, -0.316, -0.198, -0.286, -0.306, -0.108, -0.764, -0.292, -0.5, -0.404, -0.302, -0.29, -0.31, -0.8, -0.304, -0.376, -0.906, -0.172, -0.774, -0.178, -0.904, -0.5, -0.398, -0.414, -0.5, -0.406, -0.918, -0.392, -0.5, -0.5, -0.292, -0.274, -0.278, -1.0, -0.5, -0.666, -0.69], "m_rand": [0.3, 0.266, 0.234, 0.366, 0.456, 0.424, 0.538, 0.698, 0.592, 0.6, 0.678, 0.638, 0.606, 0.63, 0.75, 0.716, 0.748, 0.804, 0.634, 0.68, 0.59, 0.714, 0.686, 0.716, 0.7, 0.694, 0.576, 0.602, 0.582, 0.654, 0.68, 0.708, 0.672, 0.704, 0.728, 0.678, 0.612, 0.514, 0.594, 0.666, 0.632, 0.642, 0.678, 0.658, 0.654, 0.628, 0.656, 0.722, 0.656, 0.662, 0.584, 0.578, 0.48, 0.638, 0.602, 0.604, 0.626, 0.61, 0.662, 0.666, 0.64, 0.63, 0.498, 0.478, 0.442, 0.44, 0.492, 0.692, 0.68, 0.632, 0.576, 0.568, 0.574, 0.694, 0.662, 0.69, 0.766, 0.724, 0.63, 0.662]}}