{"epsilon": null, "gamma": 0.99, "player": "O", "memory_capacity": 10000, "target_update": 500, "learning_rate": 0.0005, "batch_size": 64, "log_every": 250, "debug": false, "avg_losses": [0.024106797125190496, 0.010095032811630517, 0.012151601407676935, 0.00892705870512873, 0.014614123855717481, 0.011754221750423312, 0.014185908980667591, 0.013833339338190854, 0.014762599837966264, 0.01399585458310321, 0.015877206813544036, 0.015057735149748624, 0.016012489834800362, 0.016396857821848243, 0.017506265748292206, 0.015775891561992467, 0.013933275512419642, 0.012772846254520118, 0.015274900081567466, 0.014816966254264116, 0.014383701723068952, 0.013730435245670379, 0.015435523483902217, 0.014176481915637851, 0.014005167950876057, 0.013996077682822943, 0.013690629951190204, 0.014076630124356598, 0.013591051088646054, 0.013915167894214391, 0.014032424087636173, 0.014518744978122413, 0.0140017815916799, 0.013229824668262153, 0.013080149631947278, 0.013007088786922395, 0.013222662626765668, 0.013220313945319504, 0.014898582644760608, 0.014594721523113549, 0.013670415669213981, 0.01471809402713552, 0.015180806943681091, 0.014922214455436915, 0.014779173634480685, 0.016129958264995366, 0.014716261654160916, 0.01596027181809768, 0.01638352685375139, 0.014594248004257678, 0.016153905493672936, 0.014940968513023109, 0.015266171552240849, 0.014334577747154981, 0.01617095386981964, 0.01431483305990696, 0.016981247076764704, 0.016112801396287978, 0.017409855981823055, 0.016151287923566997, 0.014919077613390981, 0.01593175770668313, 0.015742416178807617, 0.015938689379487187, 0.01543429349269718, 0.015312627007253467, 0.014600508825387805, 0.014586431343574078, 0.014498689529951661, 0.013864938364829868, 0.014317962086293847, 0.014120128289330751, 0.014383869932964444, 0.01436493153567426, 0.01498537914082408, 0.01543305061198771, 0.015538381029386074, 0.015222004095325247, 0.014874049935024232, 0.01567554812785238], "avg_rewards": [-0.86, -0.688, -0.552, -0.368, -0.116, -0.06, -0.068, -0.096, -0.044, -0.092, -0.056, -0.024, -0.04, 0.016, 0.008, -0.008, -0.096, -0.016, 0.004, -0.016, -0.012, -0.048, -0.108, -0.108, -0.056, -0.008, -0.06, -0.088, -0.112, -0.036, -0.092, -0.036, 0.004, -0.08, 0.052, 0.028, 0.012, -0.024, 0.008, 0.028, -0.004, 0.032, 0.02, 0.008, -0.032, 0.024, 0.024, -0.028, -0.016, 0.012, -0.04, -0.084, -0.052, -0.036, -0.072, -0.02, -0.016, -0.048, 0.016, -0.004, -0.08, 0.028, -0.024, -0.04, 0.028, -0.048, 0.04, 0.004, 0.048, -0.024, -0.008, -0.048, -0.052, 0.028, -0.044, -0.064, -0.092, -0.008, 0.028, 0.02], "m_values": {"m_opt": [-0.8, -0.396, -0.302, -0.232, 0.0, 0.0, -0.108, -0.096, 0.0, 0.0, -0.376, 0.0, -0.198, -0.218, 0.0, 0.0, 0.0, 0.0, 0.0, 0.0, 0.0, 0.0, -0.196, -0.206, 0.0, 0.0, 0.0, 0.0, 0.0, 0.0, 0.0, 0.0, 0.0, 0.0, 0.0, 0.0, 0.0, -0.034, 0.0, 0.0, 0.0, 0.0, 0.0, 0.0, 0.0, 0.0, 0.0, 0.0, 0.0, 0.0, 0.0, 0.0, 0.0, 0.0, 0.0, 0.0, 0.0, -0.08, 0.0, 0.0, 0.0, 0.0, 0.0, 0.0, 0.0, 0.0, 0.0, 0.0, 0.0, 0.0, 0.0, 0.0, 0.0, 0.0, 0.0, 0.0, 0.0, 0.0, 0.0, 0.0], "m_rand": [-0.528, -0.148, -0.106, 0.204, 0.374, 0.368, 0.71, 0.592, 0.58, 0.564, 0.654, 0.504, 0.656, 0.72, 0.71, 0.694, 0.65, 0.574, 0.452, 0.598, 0.642, 0.492, 0.65, 0.706, 0.69, 0.506, 0.474, 0.476, 0.646, 0.646, 0.624, 0.748, 0.786, 0.764, 0.736, 0.818, 0.842, 0.754, 0.786, 0.76, 0.824, 0.83, 0.856, 0.814, 0.812, 0.878, 0.904, 0.894, 0.776, 0.82, 0.886, 0.85, 0.906, 0.862, 0.698, 0.726, 0.798, 0.732, 0.766, 0.854, 0.824, 0.782, 0.834, 0.788, 0.624, 0.572, 0.89, 0.896, 0.828, 0.882, 0.826, 0.896, 0.674, 0.704, 0.58, 0.526, 0.8, 0.822, 0.832, 0.884]}}