{"epsilon": 0.01, "gamma": 0.99, "player": "X", "memory_capacity": 10000, "target_update": 500, "learning_rate": 0.0005, "batch_size": 64, "log_every": 250, "debug": false, "avg_losses": [0.06001045062020421, 0.03184022450260818, 0.04612299460545182, 0.032680560413748026, 0.03867622265033424, 0.025224993646144868, 0.02107162209413946, 0.015057226380333305, 0.0158658014559187, 0.01786898410320282, 0.01963769303355366, 0.01637826340738684, 0.024567848045378923, 0.025762684745714068, 0.025014746099710463, 0.0213091159760952, 0.021190907953307032, 0.019265483524650337, 0.027114197484683245, 0.0317555197738111, 0.03100353496428579, 0.029399447957985103, 0.028368300933390857, 0.01973615076299757, 0.019814463327638806, 0.02169974813144654, 0.02858894277922809, 0.02896808498352766, 0.0292569599468261, 0.023131150417029858, 0.02154182237852365, 0.01973529364541173, 0.024143682196736335, 0.019813021986279638, 0.023079232983291148, 0.0211840612385422, 0.012898892319761216, 0.010268689274322241, 0.010760565659496932, 0.0073017275943420825, 0.012328875375678762, 0.01599679837888107, 0.023365088356658816, 0.024551725091412662, 0.02347681134566665, 0.02877874542027712, 0.03113169849663973, 0.03150342981889844, 0.030521427407860756, 0.03245118084363639, 0.040092072878032924, 0.042287452816963195, 0.02721274186298251, 0.02350150640681386, 0.02902571828942746, 0.019614407405257224, 0.02242449264228344, 0.02409868504293263, 0.020362462006509305, 0.01737169628497213, 0.017930484787561, 0.020878488447517156, 0.02438848188892007, 0.02589498207438737, 0.03275335333868861, 0.031679605623707176, 0.03800906620360911, 0.03824749556556344, 0.029266121316701175, 0.026084904097020627, 0.023308560030534862, 0.01991732303891331, 0.02890660075843334, 0.025954534843564032, 0.021806462068110703, 0.016464026829227804, 0.022137339107692243, 0.020757657863199712, 0.028273278940469028, 0.02779163739643991], "avg_rewards": [0.008, 0.008, -0.052, 0.04, -0.024, -0.008, 0.0, 0.008, -0.024, -0.052, 0.02, -0.032, -0.06, 0.016, 0.012, 0.008, 0.028, -0.004, -0.028, 0.012, -0.036, 0.008, 0.04, -0.016, 0.008, 0.02, 0.008, -0.012, -0.02, 0.0, 0.012, 0.004, -0.012, -0.02, -0.04, 0.024, 0.008, -0.048, 0.004, -0.024, -0.036, 0.004, -0.004, 0.008, -0.016, 0.016, 0.004, 0.012, 0.008, 0.016, 0.024, 0.008, 0.036, 0.008, -0.008, 0.008, -0.036, -0.016, -0.056, -0.04, 0.008, -0.02, 0.004, -0.02, -0.016, 0.016, -0.04, 0.012, -0.012, 0.024, -0.008, 0.012, -0.004, 0.012, 0.012, -0.012, 0.056, -0.04, -0.036, 0.0], "m_values": {"m_opt": [-1.0, -1.0, -1.0, -1.0, -1.0, -1.0, -1.0, -0.914, -1.0, -1.0, -1.0, -0.892, -0.796, -0.682, -0.888, -0.88, -0.9, -1.0, -0.748, -1.0, -1.0, -1.0, -0.564, -1.0, -0.908, -1.0, -0.744, -1.0, -0.766, -0.758, -0.5, -0.5, -0.5, -1.0, -0.5, -1.0, -0.412, -0.704, -0.8, -0.8, -1.0, -0.888, -0.882, -0.916, -1.0, -1.0, -0.408, -0.382, -0.404, -0.31, -0.38, -0.906, -0.39, -0.398, -0.886, -0.902, -0.5, -1.0, -0.5, -0.384, -1.0, -1.0, -0.5, -1.0, -0.5, -0.5, -1.0, -1.0, -1.0, -1.0, -1.0, -1.0, -1.0, -1.0, -0.91, -0.886, -1.0, -1.0, -1.0, -1.0], "m_rand": [-0.058, 0.244, 0.252, 0.342, 0.424, 0.436, 0.49, 0.374, 0.35, 0.302, 0.472, 0.526, 0.666, 0.594, 0.612, 0.572, 0.55, 0.462, 0.442, 0.342, 0.516, 0.68, 0.542, 0.43, 0.548, 0.478, 0.546, 0.528, 0.674, 0.724, 0.474, 0.41, 0.286, 0.336, 0.32, 0.308, 0.392, 0.528, 0.318, 0.308, 0.324, 0.28, 0.448, 0.27, 0.446, 0.458, 0.4, 0.286, 0.32, 0.392, 0.352, 0.35, 0.314, 0.348, 0.278, 0.246, 0.404, 0.202, 0.236, 0.402, 0.388, 0.238, 0.428, 0.356, 0.484, 0.522, 0.614, 0.472, 0.428, 0.424, 0.506, 0.49, 0.566, 0.496, 0.32, 0.552, 0.462, 0.314, 0.506, 0.504]}}