{"epsilon": null, "gamma": 0.99, "player": "O", "memory_capacity": 10000, "target_update": 500, "learning_rate": 0.0005, "batch_size": 64, "log_every": 250, "debug": false, "avg_losses": [0.02414959665481001, 0.015233538027852773, 0.03210753052309155, 0.024430152907967566, 0.041050482470542195, 0.03759947770833969, 0.03495593114197254, 0.033814519438892604, 0.03747894743457437, 0.0371049074716866, 0.04040990821644664, 0.03921258502453566, 0.03812293634563684, 0.036429705522954464, 0.03377392044663429, 0.0358038861118257, 0.03533704094402492, 0.03360139012336731, 0.03102615799382329, 0.03165297339297831, 0.030515180341899394, 0.029167469104751945, 0.028484318286180497, 0.0292696478292346, 0.029017893884330986, 0.027816714810207487, 0.026606514520943165, 0.025266145948320627, 0.028434328880161047, 0.02623526509851217, 0.024599551673978568, 0.023412239573895932, 0.02476258296519518, 0.022082592844963073, 0.022023402718827127, 0.020205360557883977, 0.022831603104248643, 0.023609379241243005, 0.021742131173610686, 0.021379179526120423, 0.02118568058311939, 0.020379025898873807, 0.021328534375876188, 0.020924270294606685, 0.023690314700827, 0.021153796160593628, 0.022494034389033912, 0.022032602036371828, 0.02341542342491448, 0.022533220916986466, 0.022910861978307367, 0.022729410268366338, 0.022640395967289804, 0.02227873134613037, 0.023682215908542276, 0.022692859165370463, 0.02195521275885403, 0.023251984065398575, 0.022124738097190857, 0.02092335609160364, 0.020290418894961477, 0.020719099498353898, 0.023103342294692995, 0.023188444839790462, 0.021290192628279327, 0.02095441274344921, 0.0221497227139771, 0.020712029181420802, 0.02141452120617032, 0.020186283769086003, 0.020448737535625695, 0.01965296654962003, 0.01961515412200242, 0.020044125854969026, 0.020380364432930946, 0.021417811274528503, 0.021380095086991787, 0.019550150491297245, 0.01991546464152634, 0.02052093587256968], "avg_rewards": [-0.408, 0.328, 0.644, 0.616, 0.664, 0.656, 0.66, 0.612, 0.624, 0.576, 0.652, 0.728, 0.748, 0.716, 0.768, 0.752, 0.724, 0.76, 0.692, 0.752, 0.688, 0.728, 0.716, 0.708, 0.656, 0.696, 0.76, 0.768, 0.752, 0.692, 0.772, 0.736, 0.744, 0.772, 0.756, 0.732, 0.72, 0.736, 0.732, 0.748, 0.796, 0.804, 0.736, 0.716, 0.744, 0.708, 0.624, 0.68, 0.704, 0.792, 0.76, 0.744, 0.696, 0.716, 0.752, 0.696, 0.74, 0.76, 0.78, 0.764, 0.652, 0.688, 0.752, 0.728, 0.688, 0.74, 0.684, 0.772, 0.724, 0.772, 0.676, 0.776, 0.72, 0.676, 0.68, 0.724, 0.74, 0.712, 0.724, 0.744], "m_values": [-0.408, 0.328, 0.644, 0.616, 0.664, 0.656, 0.66, 0.612, 0.624, 0.576, 0.652, 0.728, 0.748, 0.716, 0.768, 0.752, 0.724, 0.76, 0.692, 0.752, 0.688, 0.728, 0.716, 0.708, 0.656, 0.696, 0.76, 0.768, 0.752, 0.692, 0.772, 0.736, 0.744, 0.772, 0.756, 0.732, 0.72, 0.736, 0.732, 0.748, 0.796, 0.804, 0.736, 0.716, 0.744, 0.708, 0.624, 0.68, 0.704, 0.792, 0.76, 0.744, 0.696, 0.716, 0.752, 0.696, 0.74, 0.76, 0.78, 0.764, 0.652, 0.688, 0.752, 0.728, 0.688, 0.74, 0.684, 0.772, 0.724, 0.772, 0.676, 0.776, 0.72, 0.676, 0.68, 0.724, 0.74, 0.712, 0.724, 0.744]}