{"epsilon": null, "gamma": 0.99, "player": "O", "memory_capacity": 10000, "target_update": 500, "learning_rate": 0.0005, "batch_size": 64, "log_every": 250, "debug": false, "avg_losses": [0.02906596430577338, 0.017166189264506103, 0.039479858454316855, 0.028346085980534553, 0.03630347083508968, 0.03167072472348809, 0.03472518972679973, 0.033988316636532546, 0.03436680285260081, 0.03543920877948403, 0.03651295905932784, 0.0358411335721612, 0.03624295318126679, 0.03390240731090307, 0.033568900883197784, 0.03334617969021201, 0.0347466221190989, 0.03435479225963354, 0.03143955525755882, 0.03139906084910035, 0.030589248761534692, 0.02870070757716894, 0.026891551844775676, 0.02743879534676671, 0.028074398789554835, 0.028131226107478143, 0.027011684902012348, 0.02736322398670018, 0.027665260771289467, 0.0257677134051919, 0.02502266090363264, 0.02583587555587292, 0.026938192784786225, 0.025693915359675884, 0.023851686522364617, 0.025209212763234973, 0.024843138180673123, 0.02597904971241951, 0.025030411282554267, 0.02494557113200426, 0.02443456950224936, 0.023878471784293653, 0.023912176793441178, 0.023681629776954653, 0.02592205490171909, 0.02232529870606959, 0.023691726598888636, 0.022152683388441802, 0.02327293461561203, 0.023041265541687606, 0.02375091369636357, 0.020656016854569317, 0.021350730633363128, 0.021745789371430874, 0.02311223527789116, 0.02120908218063414, 0.02068565079011023, 0.020381293591111897, 0.020453661350533368, 0.021147266454063354, 0.020755137100815772, 0.021357309395447374, 0.024090977177023888, 0.02335639618523419, 0.022474039141088725, 0.021151919934898615, 0.0236879497487098, 0.023687487917020918, 0.023174041585996747, 0.022979696959257126, 0.02111054075695574, 0.021456317028030754, 0.0230331211630255, 0.021219197172671556, 0.023960002465173602, 0.022835387893021107, 0.02228562290966511, 0.020347223598510027, 0.02201936439797282, 0.022329657045193015], "avg_rewards": [-0.116, 0.208, 0.42, 0.636, 0.62, 0.612, 0.564, 0.628, 0.552, 0.604, 0.648, 0.668, 0.692, 0.68, 0.756, 0.704, 0.708, 0.74, 0.676, 0.676, 0.768, 0.788, 0.672, 0.744, 0.696, 0.684, 0.772, 0.696, 0.712, 0.8, 0.7, 0.74, 0.756, 0.756, 0.76, 0.74, 0.76, 0.7, 0.78, 0.676, 0.732, 0.76, 0.696, 0.712, 0.82, 0.764, 0.752, 0.692, 0.668, 0.644, 0.756, 0.7, 0.676, 0.748, 0.716, 0.74, 0.76, 0.812, 0.664, 0.736, 0.628, 0.768, 0.692, 0.728, 0.824, 0.62, 0.704, 0.804, 0.756, 0.74, 0.744, 0.676, 0.688, 0.748, 0.736, 0.776, 0.7, 0.696, 0.716, 0.716], "m_values": {"m_opt": [-1.0, -1.0, -0.75, -0.88, -0.898, -1.0, -0.896, -0.892, -1.0, -1.0, -0.39, -0.41, -0.728, -0.678, -0.75, -0.882, -0.508, -0.668, -1.0, -1.0, -0.896, -0.908, -0.914, -0.886, -0.906, -1.0, -1.0, -0.88, -0.33, -0.774, -1.0, -1.0, -0.692, -1.0, -0.902, -0.584, -0.904, -0.326, -0.516, -0.526, -0.794, -0.796, -0.804, -0.808, -0.782, -0.55, -0.5, -0.802, -0.5, -0.898, -0.768, -0.898, -0.914, -0.874, -0.876, -1.0, -1.0, -0.522, -0.784, -0.39, -1.0, -0.5, -0.5, -1.0, -1.0, -0.866, -1.0, -0.404, -0.874, -0.916, -0.892, -0.272, -0.894, -1.0, -1.0, -0.672, -0.898, -0.346, -0.2, -0.888], "m_rand": [-0.074, 0.356, 0.738, 0.806, 0.658, 0.736, 0.652, 0.552, 0.524, 0.678, 0.654, 0.77, 0.814, 0.81, 0.798, 0.82, 0.81, 0.772, 0.678, 0.78, 0.778, 0.726, 0.756, 0.712, 0.81, 0.864, 0.772, 0.838, 0.844, 0.816, 0.808, 0.826, 0.852, 0.814, 0.746, 0.802, 0.712, 0.846, 0.874, 0.812, 0.822, 0.712, 0.834, 0.802, 0.814, 0.814, 0.634, 0.82, 0.772, 0.762, 0.868, 0.784, 0.876, 0.81, 0.828, 0.81, 0.804, 0.87, 0.772, 0.802, 0.84, 0.758, 0.796, 0.804, 0.824, 0.72, 0.798, 0.818, 0.79, 0.824, 0.794, 0.714, 0.838, 0.716, 0.8, 0.732, 0.814, 0.82, 0.806, 0.836]}}