{"epsilon": null, "gamma": 0.99, "player": "O", "memory_capacity": 10000, "target_update": 500, "learning_rate": 0.0005, "batch_size": 64, "log_every": 250, "debug": false, "avg_losses": [0.023752224156633018, 0.021278823709115387, 0.03753895322233439, 0.036435206234455106, 0.058200753800570965, 0.053849869914352894, 0.05996589405089617, 0.05589002317935228, 0.0629241289049387, 0.060610391475260254, 0.059611719608306885, 0.059832489565014836, 0.06495483280718327, 0.06579748211801052, 0.06523583118617535, 0.06431484715640545, 0.06406359574198722, 0.06436871073395013, 0.06154377956688404, 0.060070623703300956, 0.057827597223222255, 0.05603926042467356, 0.05318630385398865, 0.049282349839806554, 0.05418501344323158, 0.050224996224045755, 0.049811330311000344, 0.04798197642713785, 0.04856288012862205, 0.04868507855385542, 0.04733355198800564, 0.046012291729450226, 0.04823820281028748, 0.04448504108935594, 0.04481902979314327, 0.0443200281560421, 0.04522732020169497, 0.043272882588207724, 0.0439817680940032, 0.042579533748328686, 0.0433563918247819, 0.04368228719383478, 0.039035966366529465, 0.039917674124240875, 0.04028194903582334, 0.03870001342520118, 0.04206775083392859, 0.04273690840601921, 0.045554107144474984, 0.040575231682509184, 0.040219964794814586, 0.04005039363354444, 0.03862257187068462, 0.03495639330521226, 0.03656393001228571, 0.037428626142442224, 0.03838014198094607, 0.03706458752602339, 0.0353844935670495, 0.03415692515298724, 0.03480494453385472, 0.03298673262447119, 0.03144488646090031, 0.03191171671450138, 0.033033909309655426, 0.033295413628220555, 0.03525578659772873, 0.0341831675209105, 0.03520698197185993, 0.03512827560305595, 0.03750285303220153, 0.03865754095464945, 0.0374340247772634, 0.03704001004248857, 0.037560240533202886, 0.03541068989783525, 0.03652745521068573, 0.03685673680156469, 0.03778914976492524, 0.03819447260349989], "avg_rewards": [-0.616, -0.484, -0.344, -0.376, -0.368, -0.22, -0.292, -0.348, -0.236, -0.136, -0.204, -0.188, -0.148, -0.136, -0.02, 0.048, -0.024, 0.06, 0.12, 0.132, 0.16, 0.124, 0.044, 0.168, 0.264, 0.176, 0.248, 0.236, 0.284, 0.152, 0.256, 0.276, 0.312, 0.4, 0.424, 0.396, 0.448, 0.452, 0.392, 0.336, 0.428, 0.456, 0.444, 0.48, 0.48, 0.504, 0.392, 0.48, 0.384, 0.444, 0.452, 0.468, 0.512, 0.496, 0.46, 0.384, 0.424, 0.476, 0.444, 0.308, 0.448, 0.384, 0.472, 0.416, 0.512, 0.452, 0.432, 0.504, 0.436, 0.464, 0.416, 0.344, 0.436, 0.504, 0.468, 0.332, 0.42, 0.396, 0.384, 0.408], "m_values": {"m_opt": [-0.392, -1.0, -0.76, -0.484, -0.918, -0.58, -0.078, -0.248, -0.224, -0.316, -0.206, -0.122, -0.716, -0.218, -0.52, -0.106, 0.0, -0.07, -0.118, 0.0, 0.0, 0.0, -0.236, 0.0, -0.122, -0.138, -0.126, -0.112, -0.096, -0.092, -0.798, -0.196, -0.026, 0.0, -0.08, -0.088, 0.0, 0.0, -0.208, -0.2, -0.408, -0.084, -0.214, -0.412, 0.0, 0.0, -0.3, -0.502, -0.11, -0.132, 0.0, -0.318, -0.24, -0.202, 0.0, 0.0, -0.374, -0.44, -0.136, 0.0, 0.0, -0.124, -0.204, 0.0, -0.33, 0.0, -0.196, 0.0, -0.078, 0.0, 0.0, 0.0, 0.0, -0.09, -0.192, -0.386, -0.482, -0.64, -0.226, -0.5], "m_rand": [-0.418, 0.026, 0.324, 0.536, 0.624, 0.624, 0.738, 0.682, 0.864, 0.79, 0.76, 0.818, 0.808, 0.744, 0.854, 0.86, 0.864, 0.86, 0.82, 0.874, 0.802, 0.912, 0.828, 0.816, 0.888, 0.888, 0.848, 0.72, 0.852, 0.838, 0.712, 0.902, 0.846, 0.846, 0.746, 0.842, 0.896, 0.864, 0.868, 0.88, 0.91, 0.9, 0.896, 0.924, 0.92, 0.93, 0.924, 0.904, 0.878, 0.918, 0.878, 0.894, 0.904, 0.916, 0.826, 0.928, 0.902, 0.872, 0.922, 0.85, 0.88, 0.924, 0.902, 0.924, 0.93, 0.92, 0.926, 0.91, 0.88, 0.922, 0.91, 0.878, 0.886, 0.862, 0.92, 0.88, 0.832, 0.866, 0.844, 0.902]}}