{"epsilon": null, "gamma": 0.99, "player": "O", "memory_capacity": 10000, "target_update": 500, "learning_rate": 0.0005, "batch_size": 64, "log_every": 250, "debug": false, "avg_losses": [0.016018315962690394, 0.003375924937077798, 0.0049289088300429286, 0.0017701453312765807, 0.005127191640902311, 0.0027933987594442444, 0.002208326460677199, 0.001406880434282357, 0.00198655807794421, 0.0013007862163358368, 0.001467256031872239, 0.0010182984452985692, 0.0012119274985743687, 0.0009680032765463693, 0.001146581570908893, 0.0009692867827106966, 0.0010735374888099613, 0.0008207266047684243, 0.0015679994491729302, 0.0014480110767908626, 0.0015737222560564988, 0.0012438573026811355, 0.0010393220154219307, 0.0011813737628181115, 0.0014704642862052423, 0.0010791579698852729, 0.0011806897232672783, 0.0006055468908743932, 0.0011013575639444752, 0.0013023683615756454, 0.0015981115763715934, 0.0016539398933091433, 0.001190237030001299, 0.0005629825851137866, 0.0010865240645507584, 0.0008153317708711256, 0.0008856744390905078, 0.001009541644321871, 0.0013469003598620475, 0.000987822602437518, 0.0010942801993660395, 0.001296061738190474, 0.0010949475216548309, 0.0007199803854928177, 0.0011314315628405893, 0.0012499154272591112, 0.0015445671615671017, 0.0010324013252466103, 0.0013048508226274863, 0.00139815735125012, 0.0014910562607619794, 0.0014699742787051945, 0.0012662684779206756, 0.0010414064114520442, 0.0013106898800760974, 0.0007019841492074192, 0.0010604201570458827, 0.001320158590016945, 0.0010497483554390782, 0.0008046293527586386, 0.0013867217337319743, 0.0012289809311332646, 0.001105894617510785, 0.001228120026367833, 0.0017045712070103036, 0.0011173111622483703, 0.0014388209427997935, 0.0012898349712486378, 0.0011006747047649697, 0.00084683955017681, 0.0009470613061348559, 0.000633301818597829, 0.0007840635530592408, 0.000625469841674203, 0.0007515535633865511, 0.0004394165816847817, 0.0009888093634654069, 0.0011147245065367315, 0.0009869386526333982, 0.000841527728291112], "avg_rewards": [-0.956, -0.72, -0.66, -0.616, -0.256, -0.152, -0.216, -0.18, -0.16, -0.152, -0.168, -0.18, -0.156, -0.152, -0.192, -0.128, -0.188, -0.14, -0.212, -0.2, -0.148, -0.188, -0.168, -0.172, -0.136, -0.164, -0.18, -0.164, -0.22, -0.268, -0.184, -0.232, -0.164, -0.184, -0.18, -0.132, -0.172, -0.16, -0.144, -0.156, -0.192, -0.18, -0.136, -0.156, -0.128, -0.132, -0.124, -0.156, -0.156, -0.16, -0.152, -0.172, -0.144, -0.168, -0.156, -0.148, -0.196, -0.208, -0.144, -0.136, -0.152, -0.164, -0.084, -0.144, -0.156, -0.128, -0.156, -0.156, -0.124, -0.172, -0.104, -0.136, -0.172, -0.16, -0.136, -0.112, -0.116, -0.132, -0.172, -0.152], "m_values": [-0.956, -0.72, -0.66, -0.616, -0.256, -0.152, -0.216, -0.18, -0.16, -0.152, -0.168, -0.18, -0.156, -0.152, -0.192, -0.128, -0.188, -0.14, -0.212, -0.2, -0.148, -0.188, -0.168, -0.172, -0.136, -0.164, -0.18, -0.164, -0.22, -0.268, -0.184, -0.232, -0.164, -0.184, -0.18, -0.132, -0.172, -0.16, -0.144, -0.156, -0.192, -0.18, -0.136, -0.156, -0.128, -0.132, -0.124, -0.156, -0.156, -0.16, -0.152, -0.172, -0.144, -0.168, -0.156, -0.148, -0.196, -0.208, -0.144, -0.136, -0.152, -0.164, -0.084, -0.144, -0.156, -0.128, -0.156, -0.156, -0.124, -0.172, -0.104, -0.136, -0.172, -0.16, -0.136, -0.112, -0.116, -0.132, -0.172, -0.152]}