{"epsilon": null, "gamma": 0.99, "player": "O", "memory_capacity": 10000, "target_update": 500, "learning_rate": 0.0005, "batch_size": 64, "log_every": 250, "debug": false, "avg_losses": [0.028593050185590982, 0.024243696440011262, 0.03727063528448343, 0.03542388657853007, 0.052990695878863334, 0.049550558768212793, 0.06060252732038498, 0.05689106863737106, 0.05910198759287596, 0.05844813538342714, 0.06250429856777191, 0.06215539659559727, 0.06477810321003198, 0.06333187278360128, 0.06450625236332416, 0.06459513251483441, 0.06614120337367058, 0.065587971650064, 0.06588266127556562, 0.06297859417647124, 0.06513613851368427, 0.06076446133106947, 0.06347069799900056, 0.06062845639884472, 0.061687567070126535, 0.06233439391106367, 0.060872862175107005, 0.060932194992899896, 0.06301007539778948, 0.06443747213482856, 0.0656786940768361, 0.062429524287581445, 0.06511593163013459, 0.06210303321480751, 0.062206832885742185, 0.05892767922580242, 0.06027940452098846, 0.05916738149523735, 0.06563017980009317, 0.060786926984786986, 0.0588454460054636, 0.057800188191235065, 0.06270890270918608, 0.05921708960831165, 0.059410761192440986, 0.05775312405824661, 0.057554023899137975, 0.057113028056919576, 0.05856013467907906, 0.056274472370743754, 0.05701214691251516, 0.0531487872377038, 0.05742756799608469, 0.05667755801975727, 0.05714441844820976, 0.0577190942838788, 0.05782504393160343, 0.056364943869411946, 0.056262859299778936, 0.05528724633902311, 0.05611443132907152, 0.0563804677054286, 0.05527998945116997, 0.05557538308948278, 0.05137892416864633, 0.050269555322825905, 0.05285302872210741, 0.04996572026610374, 0.049294475719332695, 0.049289485469460485, 0.05276080562919378, 0.050481724433600904, 0.05040358152240515, 0.04978267978131771, 0.05368184528499842, 0.05262555901706219, 0.05482528252899647, 0.05171970317512751, 0.05355760628730059, 0.05366341919451952], "avg_rewards": [-0.628, -0.456, -0.32, -0.344, -0.34, -0.308, -0.308, -0.416, -0.26, -0.36, -0.272, -0.32, -0.22, -0.272, -0.268, -0.24, -0.208, -0.188, -0.3, -0.36, -0.212, -0.34, -0.288, -0.312, -0.212, -0.2, -0.36, -0.244, -0.176, -0.244, -0.268, -0.344, -0.192, -0.336, -0.152, -0.184, -0.104, -0.084, -0.236, -0.212, -0.232, -0.112, -0.012, -0.072, -0.096, -0.204, -0.104, -0.18, -0.132, -0.108, -0.092, -0.12, -0.164, -0.12, -0.072, -0.024, -0.16, -0.188, -0.116, -0.084, -0.06, -0.064, -0.048, -0.008, -0.036, 0.06, 0.004, -0.072, -0.012, -0.06, -0.124, -0.092, -0.06, -0.092, 0.036, 0.0, 0.056, -0.028, 0.092, 0.076], "m_values": {"m_opt": [-1.0, -0.786, -0.208, -0.912, -0.78, -0.692, -0.692, -0.418, -0.1, -0.608, -0.28, -0.42, -0.646, -0.486, -0.398, -0.692, -0.2, -0.322, -0.222, -0.476, -0.302, -0.11, -0.24, -0.092, -0.256, -0.228, -0.224, 0.0, -0.23, -0.236, -0.252, 0.0, -0.404, -0.206, -0.412, -0.322, -0.266, -0.3, -0.32, -0.098, -0.368, -0.4, -0.236, -0.488, 0.0, -0.5, -0.09, -0.588, -0.322, -0.222, -0.494, -0.092, -0.118, 0.0, -0.272, -0.196, -0.296, -0.114, -0.458, -0.26, -0.354, -0.248, -0.464, -0.204, -0.118, 0.0, -0.102, 0.0, -0.462, -0.328, -0.788, 0.0, -0.684, 0.0, 0.0, -0.676, -0.18, -0.422, -0.13, -0.522], "m_rand": [-0.424, 0.26, 0.512, 0.522, 0.634, 0.692, 0.748, 0.792, 0.734, 0.706, 0.786, 0.776, 0.824, 0.846, 0.798, 0.83, 0.88, 0.766, 0.824, 0.828, 0.828, 0.766, 0.686, 0.762, 0.786, 0.786, 0.846, 0.814, 0.854, 0.848, 0.848, 0.838, 0.814, 0.78, 0.894, 0.89, 0.814, 0.902, 0.862, 0.882, 0.88, 0.844, 0.83, 0.834, 0.69, 0.844, 0.802, 0.832, 0.75, 0.774, 0.738, 0.786, 0.754, 0.814, 0.794, 0.812, 0.782, 0.792, 0.794, 0.814, 0.83, 0.844, 0.916, 0.838, 0.868, 0.882, 0.864, 0.912, 0.856, 0.868, 0.85, 0.866, 0.824, 0.79, 0.812, 0.798, 0.782, 0.88, 0.902, 0.858]}}