{"epsilon": null, "gamma": 0.99, "player": "X", "memory_capacity": 10000, "target_update": 500, "learning_rate": 0.0005, "batch_size": 64, "log_every": 250, "debug": false, "avg_losses": [0.030695926547050476, 0.026808527210727334, 0.06906952741742134, 0.06315108277648687, 0.07448262625932693, 0.07815904273837805, 0.07626464106887579, 0.07454190295934678, 0.0730813709050417, 0.07161466264724732, 0.0734659933745861, 0.072518201880157, 0.0695872214883566, 0.0688272438198328, 0.07191621270775796, 0.06784182480722666, 0.07052570629119873, 0.060946478471159936, 0.06319336742907762, 0.0583617775067687, 0.05831915940344334, 0.05776051687449217, 0.05782612652331591, 0.05598157194256782, 0.05675744019448757, 0.05237656266242266, 0.053608372651040556, 0.04756801985949278, 0.0517923775985837, 0.04899045137315988, 0.04809313516318798, 0.042659494619816545, 0.04307115174457431, 0.036593740087002516, 0.041037523917853834, 0.03755408345535398, 0.04435434748977423, 0.03566597203910351, 0.03462391609698534, 0.03203653987310827, 0.02892243055999279, 0.02663933936879039, 0.03496556435152888, 0.03574128406122327, 0.038075308289378884, 0.03662939156591892, 0.038923939749598506, 0.034405143965035676, 0.036485891077667476, 0.03232664868980646, 0.03223811254650354, 0.03252916497737169, 0.029086834236979484, 0.029051753871142866, 0.03266645875200629, 0.03432842791825533, 0.03406209995225072, 0.031389729786664246, 0.038599450841546055, 0.038657150834798815, 0.04447806084156036, 0.036912663906812665, 0.036097582746297124, 0.03724561704695225, 0.03627519245073199, 0.03272245433181524, 0.043675535947084426, 0.04427573684975505, 0.04627596762031317, 0.04284512547776103, 0.04633173364773393, 0.04306394857168198, 0.049490263231098654, 0.04139345002174377, 0.046346962325274944, 0.04337616227939725, 0.0381437405757606, 0.029288849100470544, 0.03582719045132399, 0.03226717925257981], "avg_rewards": [0.008, 0.052, -0.084, 0.056, -0.08, 0.08, -0.044, -0.104, 0.024, 0.0, 0.02, -0.028, -0.008, 0.008, -0.072, 0.116, -0.044, -0.048, 0.084, 0.084, 0.044, 0.092, -0.04, 0.0, -0.08, 0.004, -0.016, -0.008, -0.02, 0.012, 0.032, 0.008, 0.044, 0.076, 0.016, -0.016, -0.064, 0.004, -0.06, -0.016, 0.044, 0.088, -0.096, 0.004, 0.02, 0.032, 0.044, -0.016, -0.016, 0.008, 0.032, -0.004, 0.044, -0.008, -0.016, -0.056, -0.052, -0.032, 0.096, 0.084, -0.008, -0.008, 0.0, 0.0, -0.056, -0.056, -0.008, 0.028, 0.056, 0.008, -0.016, -0.04, -0.028, 0.048, 0.04, 0.016, 0.0, -0.06, 0.012, 0.008], "m_values": {"m_opt": [-1.0, -0.9, -0.794, -0.908, -1.0, -1.0, -0.902, -1.0, -0.902, -0.164, -0.5, -1.0, -0.912, -0.204, -0.5, -0.71, -0.602, -0.924, -0.908, -1.0, -0.5, -0.442, -0.892, -0.214, -0.4, -0.376, -0.916, -0.38, -0.404, -0.424, -0.906, -0.696, -0.192, -0.406, -0.5, -0.752, -0.288, -0.198, -0.296, -0.284, -0.658, -0.788, -0.744, -0.402, -0.296, -0.194, -0.474, -0.26, -0.792, -0.3, -0.404, -0.906, -1.0, -0.5, -0.5, -0.39, -0.392, -0.304, -0.5, -1.0, -0.87, -0.41, -1.0, -0.5, -0.396, -0.274, -0.396, -0.906, -0.802, -1.0, -0.906, -0.5, -0.5, -0.906, -0.22, -0.396, -0.414, -0.38, -0.932, -0.79], "m_rand": [0.204, 0.408, 0.382, 0.33, 0.436, 0.424, 0.518, 0.652, 0.624, 0.624, 0.716, 0.738, 0.764, 0.426, 0.542, 0.57, 0.61, 0.554, 0.492, 0.538, 0.662, 0.646, 0.596, 0.714, 0.678, 0.642, 0.588, 0.708, 0.634, 0.682, 0.568, 0.7, 0.666, 0.744, 0.75, 0.654, 0.738, 0.702, 0.672, 0.592, 0.762, 0.616, 0.456, 0.668, 0.562, 0.626, 0.466, 0.688, 0.572, 0.604, 0.464, 0.502, 0.644, 0.506, 0.622, 0.588, 0.694, 0.614, 0.572, 0.514, 0.58, 0.556, 0.662, 0.68, 0.636, 0.59, 0.678, 0.56, 0.412, 0.618, 0.48, 0.488, 0.68, 0.564, 0.662, 0.58, 0.634, 0.526, 0.444, 0.454]}}