{"epsilon": null, "gamma": 0.99, "player": "O", "memory_capacity": 10000, "target_update": 500, "learning_rate": 0.0005, "batch_size": 64, "log_every": 250, "debug": false, "avg_losses": [0.019023544972762464, 0.007261386084370315, 0.011319841417483986, 0.010007470585405827, 0.013599055008031428, 0.010697501236572862, 0.016560178376734257, 0.013387581553310155, 0.01484507811255753, 0.013920483490452171, 0.012965782449580729, 0.010917722894344478, 0.013592383850365878, 0.012028659800533205, 0.014048203413374722, 0.013131778036244214, 0.015071169875562191, 0.014886238704435527, 0.016105718373320997, 0.016796162030659617, 0.014325481550768017, 0.01474797164928168, 0.016719101325143128, 0.01674240690190345, 0.016875149762257933, 0.015705956854857504, 0.016408220645040272, 0.015474414884578437, 0.01625015834113583, 0.014813977541867644, 0.016059938030783087, 0.01400482371263206, 0.0160810610440094, 0.016161510125733913, 0.01690018837573007, 0.016583634809590877, 0.016188498009927572, 0.0162775070942007, 0.016289714242797345, 0.016240474795922638, 0.016423279121983797, 0.014735703810118139, 0.01705522445216775, 0.016624555505346507, 0.01671790505805984, 0.01718694321392104, 0.017926266509573907, 0.016416110143065453, 0.01474909619241953, 0.014003716949373484, 0.01542574650933966, 0.014400506419595331, 0.016126655030064285, 0.014734895134810359, 0.015479639267316088, 0.013023435660637916, 0.013525388880167157, 0.014532816700870171, 0.014527743402402848, 0.013154542327858508, 0.014908592893742025, 0.01489831011975184, 0.015653668155893682, 0.015640137994661928, 0.015261975931469352, 0.01481688821921125, 0.015634274957701564, 0.01469953317893669, 0.015411726324353368, 0.015168068400584161, 0.015840584729332478, 0.016095962668769063, 0.014528011153452099, 0.01569278343534097, 0.015554115896113217, 0.015037144449073822, 0.01578604676714167, 0.016089179194997996, 0.015839804005343468, 0.01614852026524022], "avg_rewards": [-0.852, -0.684, -0.496, -0.456, -0.28, -0.096, -0.144, -0.1, -0.12, -0.08, -0.08, -0.02, -0.048, -0.036, 0.0, 0.008, -0.016, -0.068, -0.06, -0.008, 0.008, -0.008, -0.02, -0.056, -0.12, -0.072, -0.092, -0.08, -0.136, -0.088, -0.06, -0.116, -0.108, 0.004, 0.012, -0.068, -0.044, 0.02, 0.04, -0.116, 0.0, -0.02, 0.044, -0.068, -0.056, 0.032, 0.016, -0.088, 0.02, -0.088, -0.072, -0.064, -0.052, -0.076, -0.016, -0.04, -0.08, -0.044, 0.036, -0.02, 0.068, 0.012, 0.016, 0.052, 0.012, 0.024, -0.04, -0.028, 0.04, -0.028, 0.068, -0.104, -0.08, -0.088, 0.112, -0.016, -0.028, 0.012, -0.056, -0.1], "m_values": [-0.852, -0.684, -0.496, -0.456, -0.28, -0.096, -0.144, -0.1, -0.12, -0.08, -0.08, -0.02, -0.048, -0.036, 0.0, 0.008, -0.016, -0.068, -0.06, -0.008, 0.008, -0.008, -0.02, -0.056, -0.12, -0.072, -0.092, -0.08, -0.136, -0.088, -0.06, -0.116, -0.108, 0.004, 0.012, -0.068, -0.044, 0.02, 0.04, -0.116, 0.0, -0.02, 0.044, -0.068, -0.056, 0.032, 0.016, -0.088, 0.02, -0.088, -0.072, -0.064, -0.052, -0.076, -0.016, -0.04, -0.08, -0.044, 0.036, -0.02, 0.068, 0.012, 0.016, 0.052, 0.012, 0.024, -0.04, -0.028, 0.04, -0.028, 0.068, -0.104, -0.08, -0.088, 0.112, -0.016, -0.028, 0.012, -0.056, -0.1]}