{"epsilon": null, "gamma": 0.99, "player": "X", "memory_capacity": 10000, "target_update": 500, "learning_rate": 0.0005, "batch_size": 64, "log_every": 250, "debug": false, "avg_losses": [0.05286868363246321, 0.029289470348507166, 0.05169324763119221, 0.04846666960045695, 0.048522558733820914, 0.044617903634905816, 0.045961083464324475, 0.04075513935089111, 0.03867094116657972, 0.03508509447053075, 0.040469334460794926, 0.038050032868981364, 0.047438906662166117, 0.043529010746628044, 0.0400893156118691, 0.03803867981955409, 0.03782592836767435, 0.035915585596114394, 0.039235759247094396, 0.03730812331289053, 0.042138877242803574, 0.039188985403627155, 0.03855064523592591, 0.03694488875195384, 0.035368567511439325, 0.0374440176486969, 0.03725012730807066, 0.044867229487746955, 0.04611652206629515, 0.04524387516081333, 0.04248334067687392, 0.03920369945839047, 0.03014320321381092, 0.024542642511427404, 0.03336891438066959, 0.030655445754528044, 0.03662948612868786, 0.03309963267296553, 0.03077171741425991, 0.028520786488428714, 0.026445436701178552, 0.02464036726206541, 0.028441391309723257, 0.03127802659571171, 0.04085879185795784, 0.0356747446320951, 0.038833721738308666, 0.034184352096170184, 0.03489212667569518, 0.034733959909528496, 0.030853200290352108, 0.02791314485296607, 0.032437579326331616, 0.03368146313726902, 0.028547964788973333, 0.02638630149140954, 0.03302476090937853, 0.03687630123645067, 0.040346473414450884, 0.03770086158812046, 0.039859202720224855, 0.040838895387947556, 0.04762015695869923, 0.04499208251386881, 0.04257296828180551, 0.03943605361878872, 0.03482498297840357, 0.032997206088155505, 0.035118323408067226, 0.03383041230589151, 0.032074426915496584, 0.03329950989410281, 0.03374623329564929, 0.04180458068102598, 0.042417277898639444, 0.039045755676925184, 0.045200610619038344, 0.04269846187159419, 0.035672375116497276, 0.03268347967788577], "avg_rewards": [-0.008, 0.06, -0.032, 0.052, 0.112, 0.008, -0.064, -0.016, 0.036, 0.068, 0.076, 0.024, -0.012, -0.092, -0.048, 0.036, -0.052, -0.036, -0.02, 0.024, 0.02, 0.052, 0.032, -0.016, -0.044, -0.012, -0.06, -0.04, 0.016, 0.024, -0.048, 0.1, 0.032, 0.088, 0.024, -0.032, 0.02, 0.036, -0.056, 0.044, -0.092, -0.036, -0.008, -0.04, -0.052, -0.1, -0.024, 0.044, -0.088, -0.012, -0.012, -0.06, 0.06, -0.004, 0.012, 0.036, 0.044, -0.016, 0.016, -0.016, 0.004, -0.028, 0.044, 0.044, 0.0, -0.048, -0.048, 0.02, -0.068, -0.008, 0.056, 0.032, 0.0, 0.004, -0.068, -0.004, 0.008, -0.076, 0.016, 0.012], "m_values": {"m_opt": [-1.0, -0.746, -0.906, -0.902, -1.0, -0.894, -0.916, -0.898, -0.5, -0.814, -1.0, -0.862, -0.5, -1.0, -0.394, -0.316, -0.5, -0.3, -1.0, -0.3, -0.8, -0.9, -0.656, -0.396, -0.882, -0.412, -0.452, -0.812, -0.306, -0.82, -0.544, -0.198, -0.818, -0.51, -0.326, -0.526, -1.0, -0.81, -0.706, -0.904, -0.204, -0.28, -0.822, -0.71, 0.0, 0.0, -0.706, -0.42, -0.434, -0.37, -0.376, -0.418, -0.318, -0.3, -0.392, -0.39, -0.5, -0.394, -0.79, -0.442, -0.522, -0.918, -0.292, -0.706, -0.71, -0.57, 0.0, -0.472, -0.51, -0.418, -0.5, -0.204, -0.302, -0.23, -0.906, -0.5, -0.798, -0.718, -0.696, 0.0], "m_rand": [0.216, 0.4, 0.39, 0.484, 0.488, 0.568, 0.646, 0.702, 0.648, 0.604, 0.662, 0.678, 0.46, 0.402, 0.434, 0.512, 0.562, 0.706, 0.73, 0.588, 0.76, 0.518, 0.528, 0.536, 0.358, 0.54, 0.556, 0.538, 0.616, 0.56, 0.71, 0.746, 0.66, 0.756, 0.658, 0.696, 0.414, 0.534, 0.518, 0.708, 0.602, 0.628, 0.762, 0.634, 0.624, 0.71, 0.658, 0.726, 0.644, 0.582, 0.706, 0.712, 0.658, 0.696, 0.694, 0.628, 0.646, 0.638, 0.676, 0.576, 0.602, 0.59, 0.706, 0.708, 0.67, 0.704, 0.784, 0.67, 0.56, 0.816, 0.48, 0.696, 0.56, 0.624, 0.608, 0.584, 0.594, 0.616, 0.638, 0.764]}}