{"epsilon": null, "gamma": 0.99, "player": "O", "memory_capacity": 10000, "target_update": 500, "learning_rate": 0.0005, "batch_size": 64, "log_every": 250, "debug": false, "avg_losses": [0.01468927777884528, 0.0011529202912934126, 0.005884099871385842, 0.0022544118937221354, 0.0024092114121303894, 0.0010560932267544558, 0.0022786232359940186, 0.0015007617425872013, 0.0014399293267488248, 0.0010749464873078978, 0.001233717978670029, 0.00048426529981225033, 0.00042044385475310266, 0.00019179473344411234, 0.0002563854974869173, 0.00014565333225073117, 0.00036529621340014275, 0.00024049123145960039, 0.0002765933304362989, 0.0003399992164995638, 0.0002319695099722594, 9.003335373927257e-05, 0.00013151551554256002, 6.662054874323076e-05, 0.00020229957837364053, 0.0001409728877224552, 0.00018577003020982374, 0.00024250006648799172, 0.0001866235589295684, 0.0001687820168444887, 8.142015210069076e-05, 7.303375414994662e-05, 8.415307874747668e-05, 9.373421734926523e-05, 5.67078386702633e-05, 3.731931803122279e-05, 9.115100203780457e-05, 4.447295644058613e-05, 6.481826540766633e-05, 3.3714511861035134e-05, 5.967264356877422e-05, 5.060807926565758e-05, 3.9229557132784975e-05, 3.5965436252809016e-05, 3.705785777856363e-05, 3.1883859110166666e-05, 3.78540980618709e-05, 2.685318495332467e-05, 6.52880076013389e-05, 2.5519271860503067e-05, 4.493203743004415e-05, 3.0457428698355216e-05, 7.310523024170835e-05, 9.419572042679647e-05, 0.0001469653365566046, 9.192409900060739e-05, 0.00017234960801215492, 0.00016819993978424463, 0.00025439570776507027, 0.00019829215259233024, 0.00016275740354103617, 0.000132853806077037, 0.00012220624103065347, 7.73775595407642e-05, 4.5227041029647805e-05, 3.1478848761253174e-05, 4.993419115635333e-05, 5.5951711385205273e-05, 3.226551865736837e-05, 3.4023843501017836e-05, 7.478203190112253e-05, 2.9775006287309224e-05, 4.149237610272394e-05, 3.022674835574435e-05, 4.077768412480509e-05, 3.537347139535996e-05, 4.2666197731705325e-05, 4.421146297318046e-05, 6.803082499754964e-05, 5.010349021904403e-05], "avg_rewards": [-0.948, -0.7, -0.704, -0.616, -0.312, -0.224, -0.272, -0.24, -0.168, -0.156, -0.136, -0.172, -0.14, -0.136, -0.204, -0.148, -0.188, -0.168, -0.152, -0.2, -0.164, -0.156, -0.184, -0.144, -0.188, -0.128, -0.196, -0.196, -0.128, -0.172, -0.116, -0.208, -0.18, -0.176, -0.148, -0.156, -0.22, -0.108, -0.188, -0.136, -0.16, -0.192, -0.132, -0.14, -0.148, -0.164, -0.18, -0.136, -0.14, -0.148, -0.188, -0.172, -0.144, -0.152, -0.188, -0.128, -0.168, -0.12, -0.132, -0.124, -0.164, -0.14, -0.156, -0.144, -0.168, -0.156, -0.144, -0.152, -0.16, -0.14, -0.116, -0.148, -0.14, -0.16, -0.088, -0.108, -0.176, -0.18, -0.112, -0.104], "m_values": [-0.948, -0.7, -0.704, -0.616, -0.312, -0.224, -0.272, -0.24, -0.168, -0.156, -0.136, -0.172, -0.14, -0.136, -0.204, -0.148, -0.188, -0.168, -0.152, -0.2, -0.164, -0.156, -0.184, -0.144, -0.188, -0.128, -0.196, -0.196, -0.128, -0.172, -0.116, -0.208, -0.18, -0.176, -0.148, -0.156, -0.22, -0.108, -0.188, -0.136, -0.16, -0.192, -0.132, -0.14, -0.148, -0.164, -0.18, -0.136, -0.14, -0.148, -0.188, -0.172, -0.144, -0.152, -0.188, -0.128, -0.168, -0.12, -0.132, -0.124, -0.164, -0.14, -0.156, -0.144, -0.168, -0.156, -0.144, -0.152, -0.16, -0.14, -0.116, -0.148, -0.14, -0.16, -0.088, -0.108, -0.176, -0.18, -0.112, -0.104]}