{"epsilon": null, "gamma": 0.99, "player": "X", "memory_capacity": 10000, "target_update": 500, "learning_rate": 0.0005, "batch_size": 64, "log_every": 250, "debug": false, "avg_losses": [0.030046696618199347, 0.027366970766335725, 0.07418738471716642, 0.07053891716897488, 0.07930578284710646, 0.07738866516947747, 0.07843591052293777, 0.07846986792236567, 0.07604057769477367, 0.0731333028525114, 0.07207185013592243, 0.07169245348125697, 0.07149402190744877, 0.07273758392035962, 0.07167825143784284, 0.06643358045071364, 0.07072290216386318, 0.0691024874150753, 0.06924587327241898, 0.06698093573004008, 0.06799733006209135, 0.0645984565988183, 0.06364066882431507, 0.060199172906577586, 0.0602264795973897, 0.05948740079253912, 0.06092399121820927, 0.05957000409066677, 0.06286287042498588, 0.06247550712525845, 0.061317862115800384, 0.05959888353943825, 0.0627570890635252, 0.05978463532775641, 0.0628405086249113, 0.06354061879962683, 0.06674440222978592, 0.06173960719257593, 0.06508312837034463, 0.0636965214535594, 0.07021674764156341, 0.06501687194406987, 0.06566185391694307, 0.0631436600536108, 0.06785053596645593, 0.05974925523251295, 0.06414985467493534, 0.06308972580730915, 0.06521030489355326, 0.06652801302075385, 0.06744518448412419, 0.06254745026677846, 0.06480625257641077, 0.06292449389398098, 0.0648424411714077, 0.06142508775740862, 0.06529970206320286, 0.06092905529588461, 0.06248698165267706, 0.05693713221699, 0.06296568173915147, 0.05924298276752234, 0.0630112838447094, 0.05837807959318161, 0.06536567483842373, 0.06268019832670689, 0.060907078482210636, 0.06001026304811239, 0.06432625656574964, 0.059785663664340974, 0.05899211402982473, 0.05582129244506359, 0.06172657323628664, 0.059700704023242, 0.05912446650862694, 0.0568391637802124, 0.05631336637586355, 0.0570991445556283, 0.06114855715632438, 0.05894108175486326], "avg_rewards": [0.044, 0.048, 0.06, -0.104, -0.04, -0.084, -0.06, 0.016, -0.004, 0.012, 0.084, 0.028, -0.088, 0.016, 0.04, 0.088, 0.02, -0.032, -0.068, -0.012, 0.028, -0.02, 0.028, 0.016, -0.112, 0.0, 0.06, 0.04, 0.004, 0.056, -0.048, -0.112, -0.032, -0.076, 0.036, -0.068, 0.088, -0.084, 0.064, 0.008, 0.0, -0.036, 0.084, 0.088, -0.04, -0.012, 0.02, -0.008, 0.072, 0.088, -0.024, 0.052, 0.072, 0.016, 0.024, 0.124, 0.068, -0.008, 0.032, 0.008, 0.1, -0.016, 0.004, -0.004, 0.028, -0.04, 0.024, 0.052, -0.02, 0.012, 0.064, 0.116, -0.092, 0.02, 0.06, 0.04, 0.068, 0.048, -0.02, 0.028], "m_values": {"m_opt": [-0.5, -0.894, -0.774, -0.814, -1.0, -0.91, -0.678, -0.906, -0.828, -0.41, -0.426, -0.39, -0.794, -0.76, -1.0, -0.9, -0.5, -0.42, -1.0, -0.5, -0.908, -1.0, -0.884, -0.39, -0.914, -0.5, -0.268, -0.688, -0.566, -0.42, -1.0, -0.81, -1.0, -1.0, -0.822, -0.9, -1.0, -0.748, -1.0, -1.0, -0.906, -0.39, -0.868, -0.796, -1.0, -0.5, -0.732, -1.0, -1.0, -1.0, -0.894, -0.738, -0.794, -1.0, -0.286, -1.0, -1.0, -1.0, -0.41, -1.0, -0.4, -0.906, -0.398, -0.706, -0.2, -0.37, -0.396, -1.0, -1.0, -0.5, -0.706, -0.28, -0.918, -0.554, -0.794, -0.69, -0.458, -0.884, -0.5, -0.396], "m_rand": [0.234, 0.252, 0.35, 0.49, 0.46, 0.542, 0.57, 0.544, 0.628, 0.65, 0.532, 0.612, 0.548, 0.642, 0.58, 0.422, 0.594, 0.47, 0.476, 0.556, 0.558, 0.528, 0.51, 0.476, 0.672, 0.488, 0.548, 0.574, 0.624, 0.508, 0.414, 0.438, 0.524, 0.502, 0.438, 0.466, 0.482, 0.496, 0.556, 0.416, 0.508, 0.478, 0.444, 0.496, 0.542, 0.506, 0.502, 0.566, 0.294, 0.36, 0.438, 0.542, 0.446, 0.536, 0.498, 0.474, 0.38, 0.392, 0.546, 0.54, 0.368, 0.392, 0.396, 0.468, 0.432, 0.552, 0.438, 0.498, 0.462, 0.536, 0.57, 0.456, 0.4, 0.612, 0.468, 0.43, 0.58, 0.612, 0.588, 0.592]}}