{"epsilon": null, "gamma": 0.99, "player": "O", "memory_capacity": 10000, "target_update": 500, "learning_rate": 0.0005, "batch_size": 64, "log_every": 250, "debug": false, "avg_losses": [0.0198186207190156, 0.004007795027922839, 0.0056229248123709115, 0.0020662625929107887, 0.003432518198620528, 0.001442023206676822, 0.003133539579459466, 0.0018654728297842667, 0.0021412870727945117, 0.001233517424261663, 0.0015621411008032737, 0.0010551698472118006, 0.0010601682734268252, 0.0008146257441039779, 0.0009428761506496813, 0.0008340560841752449, 0.0010537824529310456, 0.0009972811642364832, 0.0011643739449646092, 0.0008427886087301886, 0.0012479619473961066, 0.0012203595974715426, 0.0010272970764199272, 0.0011165264983574162, 0.0018326927072193939, 0.002949792684492422, 0.0010426968513493192, 0.0008862866062918328, 0.0009650512978987536, 0.0011248206876625772, 0.0010764877537294524, 0.0009523030946511425, 0.0010267643389161095, 0.0009514006062854606, 0.0013041072239284403, 0.0010739020641922252, 0.0015551770296879112, 0.0014228149565751664, 0.0013494356652372517, 0.0013840898356138496, 0.001140755938307848, 0.0013673896641412284, 0.0010037799912242917, 0.0010338995917700232, 0.0013664965375064638, 0.0011355614027706907, 0.0012892626529937843, 0.001087309653594275, 0.0011906953273937689, 0.0011063603456786951, 0.0005809391810835222, 0.0009992757456420804, 0.0009440828793158289, 0.0010924720586335751, 0.001396761869051261, 0.0008951515987282619, 0.0008881199383613421, 0.0008793495852005435, 0.0006224700604725513, 0.0007082420473889214, 0.0007163373613147996, 0.000786967376145185, 0.0009093769944956876, 0.0011914130000805017, 0.0011546324889059178, 0.0011605227930704131, 0.0012368673265300458, 0.0013044649759031018, 0.0011126978229367523, 0.0009562262999243103, 0.0012703545276272052, 0.0008073141585555277, 0.0012646143672754987, 0.0011626942588336532, 0.001413473195854749, 0.001410193960655306, 0.0012362782025302295, 0.0019335951815446606, 0.0018558879649499432, 0.0019341234478051773], "avg_rewards": [-0.896, -0.76, -0.548, -0.308, -0.236, -0.2, -0.136, -0.204, -0.172, -0.108, -0.152, -0.12, -0.184, -0.172, -0.124, -0.168, -0.08, -0.164, -0.168, -0.104, -0.148, -0.132, -0.148, -0.128, -0.18, -0.216, -0.18, -0.204, -0.16, -0.172, -0.132, -0.156, -0.152, -0.14, -0.232, -0.144, -0.136, -0.168, -0.128, -0.132, -0.18, -0.152, -0.144, -0.168, -0.216, -0.16, -0.188, -0.18, -0.216, -0.184, -0.128, -0.144, -0.164, -0.136, -0.116, -0.124, -0.116, -0.116, -0.136, -0.172, -0.16, -0.148, -0.16, -0.152, -0.136, -0.152, -0.156, -0.136, -0.16, -0.136, -0.14, -0.16, -0.136, -0.156, -0.156, -0.152, -0.092, -0.144, -0.116, -0.108], "m_values": {"m_opt": [-0.892, -0.544, -0.2, -0.106, 0.0, 0.0, 0.0, 0.0, 0.0, 0.0, 0.0, 0.0, 0.0, 0.0, 0.0, 0.0, 0.0, 0.0, 0.0, 0.0, 0.0, -0.114, 0.0, 0.0, 0.0, 0.0, 0.0, 0.0, 0.0, 0.0, 0.0, 0.0, 0.0, 0.0, -0.126, 0.0, 0.0, 0.0, 0.0, 0.0, 0.0, 0.0, 0.0, 0.0, 0.0, 0.0, 0.0, 0.0, -0.136, -0.14, 0.0, 0.0, 0.0, 0.0, 0.0, 0.0, 0.0, -0.076, 0.0, 0.0, 0.0, 0.0, 0.0, 0.0, 0.0, 0.0, 0.0, 0.0, 0.0, 0.0, 0.0, 0.0, 0.0, 0.0, 0.0, 0.0, 0.0, 0.0, 0.0, 0.0], "m_rand": [-0.484, -0.518, -0.442, -0.452, -0.116, -0.106, -0.16, 0.02, -0.078, -0.074, -0.04, 0.046, -0.05, 0.002, 0.002, 0.056, -0.036, -0.1, 0.124, 0.184, -0.28, -0.158, 0.126, 0.094, 0.104, 0.14, 0.06, 0.18, 0.052, 0.138, -0.25, -0.28, 0.092, 0.22, -0.072, 0.106, 0.042, 0.08, 0.05, 0.09, -0.044, 0.116, -0.142, 0.096, 0.102, 0.154, 0.086, 0.024, -0.082, -0.066, 0.01, 0.08, 0.01, 0.106, 0.15, 0.116, 0.116, 0.13, 0.056, 0.126, -0.006, 0.034, -0.038, -0.124, 0.086, -0.002, 0.18, 0.31, -0.064, -0.172, 0.058, -0.066, 0.132, 0.052, -0.094, 0.074, 0.142, 0.16, 0.152, 0.17]}}