{"epsilon": null, "gamma": 0.99, "player": "O", "memory_capacity": 10000, "target_update": 500, "learning_rate": 0.0005, "batch_size": 64, "log_every": 250, "debug": false, "avg_losses": [0.018583689650986345, 0.0025296669356757776, 0.004577196846716106, 0.001515591859293636, 0.002362150794826448, 0.000823394384351559, 0.0008226324580027722, 0.000461834765621461, 0.0007486310117237736, 0.0005291607485414715, 0.0007033211642556125, 0.0004485737360519124, 0.00038324310772441095, 0.0001545216822414659, 0.00014879789539554622, 0.0001761284394087852, 0.0002132095463675796, 0.00027772696957254086, 0.0002504517755078268, 0.00015880755123362178, 0.0003675923111150041, 0.00040111130496370604, 0.00039992870491551005, 0.0003538859340624185, 0.00015674107326776722, 8.946034803739167e-05, 0.0001229301439161645, 6.266712413344067e-05, 9.6046538947121e-05, 8.040643281856319e-05, 5.366247689380543e-05, 7.001568600753672e-05, 0.0001140601091501594, 0.00010280169880934408, 0.00011926954504633613, 7.761125864999485e-05, 9.453071588723105e-05, 6.206671387735697e-05, 6.600631020774017e-05, 5.798110198702488e-05, 8.060554690746358e-05, 5.51820647524437e-05, 8.270940379588865e-05, 6.346977385692298e-05, 7.671564535485231e-05, 5.049551305637578e-05, 0.000117657376187708, 0.00011997857198366546, 4.8844290369743246e-05, 4.2280525085516275e-05, 5.053483314623009e-05, 5.2923649596777974e-05, 3.8077280583820536e-05, 3.929250940564089e-05, 6.136564529697352e-05, 4.334687648588442e-05, 9.69755326223094e-05, 7.242644900543383e-05, 6.109023322460417e-05, 3.455779913019796e-05, 4.4223093917025835e-05, 4.5364282892478514e-05, 4.8792949273774864e-05, 3.5609390621175404e-05, 3.85184839105932e-05, 3.375105180202809e-05, 3.54171873696032e-05, 3.500571381300688e-05, 5.733352714923967e-05, 5.027159263408976e-05, 8.269269824995718e-05, 3.824767702099052e-05, 3.635871149072045e-05, 3.1571433230965343e-05, 3.5214418810937785e-05, 3.1687017748481595e-05, 3.567551972446381e-05, 2.7393599579227156e-05, 4.250734773631848e-05, 4.543414758882136e-05], "avg_rewards": [-0.876, -0.748, -0.58, -0.408, -0.172, -0.22, -0.156, -0.132, -0.144, -0.16, -0.136, -0.156, -0.128, -0.16, -0.168, -0.128, -0.172, -0.168, -0.124, -0.116, -0.212, -0.16, -0.1, -0.124, -0.108, -0.148, -0.18, -0.172, -0.14, -0.12, -0.136, -0.128, -0.18, -0.188, -0.14, -0.148, -0.176, -0.18, -0.136, -0.148, -0.172, -0.116, -0.148, -0.128, -0.172, -0.108, -0.12, -0.12, -0.14, -0.124, -0.136, -0.168, -0.18, -0.172, -0.156, -0.108, -0.156, -0.192, -0.112, -0.136, -0.108, -0.12, -0.1, -0.088, -0.14, -0.18, -0.192, -0.152, -0.144, -0.112, -0.136, -0.14, -0.204, -0.172, -0.148, -0.144, -0.12, -0.144, -0.14, -0.12], "m_values": {"m_opt": [-0.28, -0.5, -0.174, -0.204, 0.0, -0.068, 0.0, 0.0, 0.0, 0.0, 0.0, 0.0, 0.0, 0.0, 0.0, 0.0, 0.0, 0.0, 0.0, 0.0, 0.0, 0.0, 0.0, 0.0, 0.0, 0.0, 0.0, 0.0, 0.0, 0.0, 0.0, 0.0, 0.0, 0.0, 0.0, 0.0, 0.0, 0.0, 0.0, 0.0, 0.0, 0.0, 0.0, 0.0, 0.0, 0.0, 0.0, 0.0, 0.0, 0.0, 0.0, 0.0, 0.0, 0.0, 0.0, 0.0, 0.0, 0.0, 0.0, 0.0, 0.0, 0.0, 0.0, 0.0, 0.0, 0.0, 0.0, 0.0, 0.0, 0.0, 0.0, 0.0, 0.0, 0.0, 0.0, 0.0, 0.0, 0.0, 0.0, 0.0], "m_rand": [-0.866, -0.54, -0.498, -0.334, -0.576, -0.534, -0.528, -0.47, -0.476, -0.406, -0.276, -0.272, -0.136, -0.358, -0.394, -0.376, -0.246, -0.33, -0.424, -0.302, -0.296, -0.298, -0.428, -0.334, -0.382, -0.518, -0.392, -0.276, -0.4, -0.37, -0.446, -0.39, -0.384, -0.322, -0.394, -0.354, -0.364, -0.414, -0.396, -0.446, -0.414, -0.432, -0.374, -0.416, -0.364, -0.436, -0.42, -0.5, -0.596, -0.67, -0.508, -0.57, -0.458, -0.616, -0.408, -0.428, -0.466, -0.4, -0.412, -0.416, -0.408, -0.418, -0.49, -0.442, -0.428, -0.474, -0.502, -0.608, -0.326, -0.45, -0.502, -0.516, -0.358, -0.482, -0.458, -0.532, -0.568, -0.488, -0.422, -0.392]}}