{"epsilon": null, "gamma": 0.99, "player": "O", "memory_capacity": 10000, "target_update": 500, "learning_rate": 0.0005, "batch_size": 64, "log_every": 250, "debug": false, "avg_losses": [0.02728085006400943, 0.018599664540961385, 0.03254480933398008, 0.028310942120850086, 0.05155663876980543, 0.04697406849265098, 0.05740690261870623, 0.053931568786501884, 0.05526061289012432, 0.05249726109951734, 0.05491609878838062, 0.052291132003068924, 0.05207264564186335, 0.049576978780329226, 0.05171535111963749, 0.04602093286067247, 0.048123230278491975, 0.04308366224169731, 0.04106678833812475, 0.03814710182696581, 0.043190151162445546, 0.04174607868492603, 0.040541790701448914, 0.03844177997857332, 0.037362783331423996, 0.03549206269904971, 0.03599063287675381, 0.03533679484575987, 0.03830078086256981, 0.03836364895477891, 0.03781644433736801, 0.03621850355714559, 0.035466230891644954, 0.03318195417523384, 0.03422024811059236, 0.03408915217593312, 0.03594092248380184, 0.035604831248521804, 0.036780266284942624, 0.03592737528681755, 0.039127682346850635, 0.03860286555066705, 0.03994005274027586, 0.03811625972017646, 0.03751698713004589, 0.036720241278409955, 0.03653821871429682, 0.03444505725055933, 0.03591095361858607, 0.03654162012785673, 0.03290942875668407, 0.03114087389782071, 0.034208666682243344, 0.03339563162252307, 0.035256376344710585, 0.03442289894074201, 0.034891587167978286, 0.034191932279616595, 0.03317854126915336, 0.03398729847371578, 0.03510868613421917, 0.036131003897637126, 0.03497868473082781, 0.03554402381926775, 0.0394342323243618, 0.0377717247530818, 0.035692041549831625, 0.034439667891711, 0.03347036857157946, 0.033530212696641686, 0.0346552667580545, 0.033325037710368634, 0.03289657060429454, 0.03096651179343462, 0.03181911151111126, 0.029919250197708608, 0.0300772635564208, 0.030355966355651617, 0.034606212839484216, 0.03329228345304727], "avg_rewards": [-0.604, -0.4, -0.188, -0.056, 0.12, 0.212, 0.212, 0.244, 0.348, 0.296, 0.404, 0.408, 0.332, 0.396, 0.412, 0.412, 0.516, 0.348, 0.384, 0.424, 0.456, 0.436, 0.464, 0.412, 0.468, 0.44, 0.472, 0.468, 0.456, 0.496, 0.528, 0.472, 0.532, 0.56, 0.388, 0.352, 0.416, 0.468, 0.408, 0.424, 0.436, 0.488, 0.412, 0.404, 0.344, 0.376, 0.464, 0.368, 0.392, 0.456, 0.452, 0.468, 0.492, 0.528, 0.564, 0.472, 0.468, 0.424, 0.476, 0.432, 0.408, 0.436, 0.496, 0.484, 0.38, 0.456, 0.392, 0.46, 0.512, 0.48, 0.472, 0.468, 0.404, 0.576, 0.48, 0.476, 0.452, 0.472, 0.428, 0.408], "m_values": {"m_opt": [-1.0, -0.394, -0.304, -0.206, -0.5, -0.202, -0.344, -0.188, -0.364, -0.236, 0.0, 0.0, -0.09, -0.106, -0.126, -0.104, -0.114, -0.056, -0.096, -0.348, -0.134, 0.0, 0.0, 0.0, 0.0, -0.176, -0.5, 0.0, 0.0, 0.0, -0.22, -0.094, -0.22, 0.0, -0.418, -0.404, 0.0, -0.5, -0.084, -0.2, 0.0, 0.0, -0.026, -0.116, -0.328, -0.098, -0.106, -0.092, 0.0, 0.0, -0.12, 0.0, 0.0, 0.0, -0.19, 0.0, -0.098, -0.098, -0.088, 0.0, -0.108, -0.102, -0.122, 0.0, 0.0, 0.0, 0.0, 0.0, 0.0, 0.0, 0.0, -0.196, 0.0, 0.0, -0.118, 0.0, -0.116, 0.0, 0.0, 0.0], "m_rand": [-0.11, 0.274, 0.418, 0.562, 0.672, 0.698, 0.718, 0.832, 0.818, 0.788, 0.864, 0.828, 0.828, 0.876, 0.844, 0.812, 0.842, 0.872, 0.804, 0.866, 0.854, 0.834, 0.874, 0.808, 0.89, 0.914, 0.92, 0.908, 0.94, 0.934, 0.93, 0.938, 0.944, 0.924, 0.918, 0.932, 0.922, 0.742, 0.902, 0.882, 0.944, 0.936, 0.872, 0.916, 0.872, 0.916, 0.928, 0.892, 0.868, 0.894, 0.91, 0.886, 0.944, 0.93, 0.912, 0.934, 0.88, 0.87, 0.916, 0.876, 0.884, 0.904, 0.912, 0.916, 0.928, 0.918, 0.914, 0.92, 0.942, 0.942, 0.894, 0.854, 0.9, 0.922, 0.844, 0.91, 0.928, 0.916, 0.868, 0.796]}}