{"epsilon": null, "gamma": 0.99, "player": "O", "memory_capacity": 10000, "target_update": 500, "learning_rate": 0.0005, "batch_size": 64, "log_every": 250, "debug": false, "avg_losses": [0.02548167773336172, 0.016770133145153524, 0.030976467464119195, 0.026863460201770068, 0.050728576630353926, 0.05008499091863632, 0.05957157484441995, 0.05599992492049932, 0.051468006700277326, 0.05211841065436602, 0.05151568660140037, 0.050222680680453775, 0.05358263527601957, 0.05184533303976059, 0.048198393546044827, 0.04706670391559601, 0.04599996914714575, 0.044243254266679286, 0.04038456039875746, 0.0376622409671545, 0.035367121946066615, 0.03411105885729194, 0.03450016263872385, 0.03496197370439768, 0.03489494302123785, 0.03525646120682359, 0.034139411699026824, 0.03325145262479782, 0.0383226904720068, 0.03703492010384798, 0.03621228126809001, 0.03545353662222624, 0.03549294113367796, 0.03872087838500738, 0.03777692736685276, 0.037264660470187665, 0.037171873811632394, 0.03630458304286003, 0.03627643409371376, 0.034464095890522004, 0.03562793517112732, 0.03413796407729387, 0.03428971871733665, 0.03242754705622792, 0.03326979487389326, 0.031994979541748764, 0.0359484608322382, 0.03380597730726004, 0.03384512811899185, 0.032458433341234924, 0.034127655774354934, 0.031042093839496375, 0.03214450262486935, 0.03181296951696277, 0.03319310505315661, 0.031155004121363163, 0.032027975998818875, 0.02980326258018613, 0.03328134134039283, 0.032847313549369574, 0.037159263398498295, 0.03656083481386304, 0.03543861348927021, 0.03418348998203874, 0.032789170563220976, 0.03364179041236639, 0.03280192750319839, 0.03141218980401755, 0.03274329514801502, 0.03256424230337143, 0.0327836149558425, 0.033071647990494966, 0.033068446695804596, 0.0317531530931592, 0.030856671523302792, 0.030873666912317275, 0.0340396072268486, 0.033097301509231326, 0.033939636778086424, 0.03477994994074106], "avg_rewards": [-0.704, -0.252, -0.048, 0.208, 0.272, 0.288, 0.3, 0.404, 0.224, 0.36, 0.38, 0.444, 0.42, 0.512, 0.38, 0.452, 0.512, 0.472, 0.516, 0.436, 0.436, 0.468, 0.532, 0.452, 0.404, 0.376, 0.484, 0.476, 0.4, 0.48, 0.528, 0.48, 0.504, 0.46, 0.348, 0.456, 0.348, 0.5, 0.432, 0.472, 0.424, 0.48, 0.456, 0.508, 0.5, 0.452, 0.416, 0.468, 0.472, 0.384, 0.444, 0.428, 0.472, 0.492, 0.496, 0.496, 0.436, 0.528, 0.444, 0.392, 0.38, 0.416, 0.42, 0.5, 0.46, 0.448, 0.384, 0.508, 0.408, 0.464, 0.492, 0.548, 0.416, 0.596, 0.32, 0.46, 0.352, 0.484, 0.452, 0.412], "m_values": [-0.704, -0.252, -0.048, 0.208, 0.272, 0.288, 0.3, 0.404, 0.224, 0.36, 0.38, 0.444, 0.42, 0.512, 0.38, 0.452, 0.512, 0.472, 0.516, 0.436, 0.436, 0.468, 0.532, 0.452, 0.404, 0.376, 0.484, 0.476, 0.4, 0.48, 0.528, 0.48, 0.504, 0.46, 0.348, 0.456, 0.348, 0.5, 0.432, 0.472, 0.424, 0.48, 0.456, 0.508, 0.5, 0.452, 0.416, 0.468, 0.472, 0.384, 0.444, 0.428, 0.472, 0.492, 0.496, 0.496, 0.436, 0.528, 0.444, 0.392, 0.38, 0.416, 0.42, 0.5, 0.46, 0.448, 0.384, 0.508, 0.408, 0.464, 0.492, 0.548, 0.416, 0.596, 0.32, 0.46, 0.352, 0.484, 0.452, 0.412]}