{"epsilon": null, "gamma": 0.99, "player": "X", "memory_capacity": 10000, "target_update": 500, "learning_rate": 0.0005, "batch_size": 64, "log_every": 250, "debug": false, "avg_losses": [0.031937634682282806, 0.027134662006050348, 0.06675856067985296, 0.056938050143420696, 0.06188580786436796, 0.058171475768089294, 0.05511470063775778, 0.042165502976626155, 0.04259648513048887, 0.036034488927572966, 0.03454224982112646, 0.03183504238724708, 0.03694319365173578, 0.03506899118795991, 0.037067192301154135, 0.036558881394565104, 0.043743219334632155, 0.038912962436676024, 0.04109430498629808, 0.03939047395810485, 0.03864918802306056, 0.036170176468789575, 0.04042341772466898, 0.03973604068905115, 0.03508206596598029, 0.03466636466607451, 0.033330034218728544, 0.030371318627148865, 0.03131983651965856, 0.03023284652084112, 0.034691729113459586, 0.032878931023180485, 0.03611727062985301, 0.03549280051141977, 0.04412937516346574, 0.040913041111081835, 0.03973012326657772, 0.03569160576537252, 0.03285146138072014, 0.03161828385293484, 0.03841284366324544, 0.037250817749649286, 0.03307282543554902, 0.030278961528092622, 0.02989384066313505, 0.029260973855853082, 0.03122040318697691, 0.026553909197449686, 0.030731890449300407, 0.030493065871298315, 0.0344337277635932, 0.029938638009130956, 0.036253674484789375, 0.035932352893054485, 0.04238116005063057, 0.03749820606410503, 0.03442910946160555, 0.030329797096550464, 0.03196745788305998, 0.027410548152402042, 0.027773634564131497, 0.02763170458935201, 0.03731242362782359, 0.036566597249358894, 0.0395379902459681, 0.039084689799696204, 0.04489431658387184, 0.04010290310531855, 0.0382969577126205, 0.03335857208445668, 0.0364623191729188, 0.03692571820691228, 0.042017316069453955, 0.03831768061965704, 0.0338988630361855, 0.032704777762293816, 0.030244488682597874, 0.026991064036265014, 0.027029128469526768, 0.028660819858312606], "avg_rewards": [0.076, 0.02, 0.116, -0.036, -0.008, 0.036, 0.096, 0.004, 0.04, 0.068, -0.044, 0.044, 0.02, 0.056, -0.032, -0.048, -0.064, 0.08, -0.004, 0.124, 0.008, 0.004, 0.016, 0.032, 0.0, -0.008, -0.012, -0.044, 0.0, 0.012, 0.04, 0.032, 0.032, -0.096, 0.02, 0.012, -0.008, -0.044, -0.02, 0.004, 0.036, 0.012, -0.02, -0.004, 0.008, -0.044, 0.008, 0.024, -0.088, 0.056, 0.02, -0.036, 0.016, -0.048, 0.008, -0.04, 0.012, -0.08, -0.004, -0.048, 0.036, -0.028, -0.068, 0.064, 0.016, 0.028, 0.044, -0.012, 0.012, 0.012, 0.116, 0.028, -0.028, -0.008, 0.04, 0.06, -0.056, -0.004, 0.024, -0.052], "m_values": {"m_opt": [-1.0, -0.898, -0.788, -0.884, -1.0, -1.0, -0.5, -0.5, -0.898, -0.5, -0.774, -0.48, -0.408, -0.812, -0.912, -0.328, -0.5, -0.324, -0.318, -0.306, -0.318, -0.296, -0.298, -0.31, -0.296, -0.294, -0.272, -0.17, -0.604, -0.804, -0.28, -0.3, -0.804, -0.198, -0.712, -0.788, -0.296, -0.204, -0.218, -0.686, -0.718, -0.192, -0.09, -0.222, -0.304, -0.184, -0.912, -0.904, -0.632, -0.5, -0.642, -0.446, -0.656, -0.38, -0.184, -0.5, -0.284, -0.296, -0.5, -0.318, -0.292, -0.094, -0.688, -0.206, -0.302, -0.402, -0.5, -0.55, -0.398, -1.0, -0.5, -0.5, -0.464, -0.632, -0.398, -0.102, -0.794, -1.0, -0.302, -0.5], "m_rand": [-0.056, 0.594, 0.576, 0.376, 0.398, 0.35, 0.506, 0.54, 0.548, 0.714, 0.624, 0.598, 0.564, 0.564, 0.696, 0.638, 0.642, 0.522, 0.664, 0.674, 0.712, 0.708, 0.642, 0.81, 0.666, 0.684, 0.702, 0.678, 0.706, 0.698, 0.732, 0.746, 0.784, 0.826, 0.67, 0.668, 0.734, 0.71, 0.62, 0.632, 0.454, 0.704, 0.606, 0.596, 0.686, 0.69, 0.668, 0.65, 0.566, 0.686, 0.762, 0.662, 0.628, 0.578, 0.532, 0.58, 0.656, 0.686, 0.598, 0.576, 0.532, 0.428, 0.502, 0.55, 0.67, 0.694, 0.59, 0.7, 0.68, 0.546, 0.666, 0.582, 0.722, 0.798, 0.604, 0.728, 0.532, 0.636, 0.728, 0.776]}}